N,bits,seed,params,mse,nmse,best_nmse,steps,success
16,4,0,82464,0.00041778519516810775,0.00043414046384456087,0.00043414046384456087,101,True
16,4,1,82464,0.0005621617892757058,0.0005424254767815738,0.0005424254767815738,101,True
16,4,2,82464,0.000683981052134186,0.0006325069516939219,0.0006325069516939219,101,True
24,4,0,82464,0.0008801992516964674,0.0008968566650053225,0.0008968566650053225,101,True
24,4,1,82464,0.0008609256474301219,0.0008305615554353472,0.0008305615554353472,101,True
24,4,2,82464,0.0010694335214793682,0.000983862133612644,0.000983862133612644,301,True
36,4,0,82464,0.0013799917651340365,0.0014076605771809168,0.0011391996646351993,5000,False
36,4,1,82464,0.0010284081799909472,0.001064945818428867,0.0010464431126776025,5000,False
36,4,2,82464,0.001841031014919281,0.001695202624388534,0.0011967240586081144,5000,False
54,4,0,82464,0.003582362551242113,0.0035132041839266246,0.0023869760205015556,5000,False
54,4,1,82464,0.002815747167915106,0.00284620371726809,0.002150894108767319,5000,False
54,4,2,82464,0.003282705321907997,0.003211404896803264,0.0021432865376608185,5000,False
81,4,0,82464,0.00413929671049118,0.004123679676095905,0.0030334602484217215,5000,False
81,4,1,82464,0.0034928061068058014,0.003568207092244513,0.003030757109169816,5000,False
81,4,2,82464,0.004205744247883558,0.004144713953902159,0.0031045268243084607,5000,False
122,4,0,82464,0.007584123872220516,0.007511122273029906,0.0052575483606295305,5000,False
122,4,1,82464,0.006618555169552565,0.006703636353435131,0.005164760036695422,5000,False
122,4,2,82464,0.009584242478013039,0.009548069890000305,0.005445759762638528,5000,False
183,4,0,82464,0.014742763713002205,0.01479701638930482,0.010489503305653613,5000,False
183,4,1,82464,0.010679873637855053,0.010949182066295476,0.010241250757724508,5000,False
183,4,2,82464,0.012027637101709843,0.012259220640760128,0.010908798814833217,5000,False
275,4,0,82464,0.02023359201848507,0.020293220199694866,0.0206266578944849,5000,False
275,4,1,82464,0.042680997401475906,0.04288180599135107,0.020141943277313962,5000,False
275,4,2,82464,0.024911269545555115,0.025242793416171222,0.021581523329804765,5000,False
413,4,0,82464,0.04531135410070419,0.04493307162704206,0.039981165543396334,5000,False
413,4,1,82464,0.041914358735084534,0.04211810057196096,0.03947880990826324,5000,False
413,4,2,82464,0.06692197918891907,0.06808214454129283,0.03986189538723619,5000,False
620,4,0,82464,0.07224847376346588,0.07249547026004304,0.06486249596660489,5000,False
620,4,1,82464,0.07887523621320724,0.07818184667473284,0.0751876682468817,5000,False
620,4,2,82464,0.08182317763566971,0.08229083686108228,0.08212116164899143,5000,False
930,4,0,82464,0.15356804430484772,0.15379933161342302,0.13896910491673456,5000,False
930,4,1,82464,0.1986096352338791,0.19941276733191443,0.1653000757764244,5000,False
930,4,2,82464,0.15947593748569489,0.1588077928502089,0.1455632313341264,5000,False
1395,4,0,82464,0.25752922892570496,0.2581411619273831,0.24511987940787186,5000,False
1395,4,1,82464,0.26946163177490234,0.269843834581174,0.2476960868900187,5000,False
1395,4,2,82464,0.2589513659477234,0.25751206746135313,0.2331967309796016,5000,False
2093,4,0,82464,0.39008575677871704,0.3932195191995801,0.36364300559160295,5000,False
2093,4,1,82464,0.39251577854156494,0.39260320458207915,0.38890912917256737,5000,False
2093,4,2,82464,0.35350191593170166,0.3508839043743811,0.3521900802924184,5000,False
3140,4,0,82464,0.5053935647010803,0.506556543405676,0.4891113693545217,5000,False
3140,4,1,82464,0.5119655132293701,0.5131983112293813,0.4989335847690697,5000,False
3140,4,2,82464,0.4977615773677826,0.49577795915041867,0.457261732158628,5000,False
16,8,0,82464,2.32882139243884e-05,2.4199890547048112e-05,2.4199890547048112e-05,101,True
16,8,1,82464,1.9229464669479057e-05,1.8554358799511114e-05,1.8554358799511114e-05,101,True
16,8,2,82464,2.3216012777993456e-05,2.1468854183719347e-05,2.1468854183719347e-05,101,True
24,8,0,82464,4.036839527543634e-05,4.1132350758722826e-05,4.1132350758722826e-05,101,True
24,8,1,82464,3.863717574859038e-05,3.7274476469796156e-05,3.7274476469796156e-05,101,True
24,8,2,82464,4.239556074026041e-05,3.9003253599080076e-05,3.9003253599080076e-05,101,True
36,8,0,82464,0.00011673991684801877,0.00011908055024833658,0.00011908055024833658,101,True
36,8,1,82464,8.264498319476843e-05,8.558122249491188e-05,8.558122249491188e-05,101,True
36,8,2,82464,8.877529762685299e-05,8.174339068617626e-05,8.174339068617626e-05,101,True
54,8,0,82464,0.00036771403392776847,0.0003606152264057272,0.0003606152264057272,101,True
54,8,1,82464,0.0001940910442499444,0.00019619043141635238,0.00019619043141635238,101,True
54,8,2,82464,0.00024175943690352142,0.0002365084171091882,0.0002365084171091882,101,True
81,8,0,82464,0.0004901044303551316,0.0004882553293407651,0.0004882553293407651,101,True
81,8,1,82464,0.0007161957328207791,0.0007316566150943366,0.0007316566150943366,101,True
81,8,2,82464,0.00050511141307652,0.0004977816525831344,0.0004977816525831344,101,True
122,8,0,82464,0.0009638260817155242,0.000954548695626859,0.000954548695626859,101,True
122,8,1,82464,0.0004169453168287873,0.0004223051272800588,0.0004223051272800588,201,True
122,8,2,82464,0.0009268122958019376,0.000923314345972508,0.000923314345972508,101,True
183,8,0,82464,0.0008325001690536737,0.0008355637304776223,0.0008355637304776223,401,True
183,8,1,82464,0.0008131741778925061,0.0008336795384728348,0.0008336795384728348,401,True
183,8,2,82464,0.000926522770896554,0.0009443623033400793,0.0009443623033400793,601,True
275,8,0,82464,0.0005323850782588124,0.0005339540114413539,0.0005339540114413539,3401,True
275,8,1,82464,0.0008697126759216189,0.0008738045619290049,0.0008738045619290049,1701,True
275,8,2,82464,0.0009537394507788122,0.0009664319951593088,0.0009664319951593088,2901,True
413,8,0,82464,0.0027020666748285294,0.0026795084333890344,0.0014260207027546286,5000,False
413,8,1,82464,0.002532355720177293,0.0025446652680655105,0.0016131819437167705,5000,False
413,8,2,82464,0.0019244098803028464,0.001957771620256628,0.0018299042910188516,5000,False
620,8,0,82464,0.005119101610034704,0.005136602328007523,0.00454967103875697,5000,False
620,8,1,82464,0.006924624554812908,0.006863750414148639,0.003941160209500848,5000,False
620,8,2,82464,0.005233763251453638,0.005263676751990931,0.00486731552398519,5000,False
930,8,0,82464,0.02090883068740368,0.02094032126994666,0.012551655442512273,5000,False
930,8,1,82464,0.013472435064613819,0.01352691452139519,0.012269912278500343,5000,False
930,8,2,82464,0.01739630289375782,0.01732341887978677,0.010729735138436454,5000,False
1395,8,0,82464,0.03945353254675865,0.03954728081253361,0.0231946766665767,5000,False
1395,8,1,82464,0.047988008707761765,0.04805607461931542,0.035650023908468415,5000,False
1395,8,2,82464,0.037385083734989166,0.037177290683828135,0.02934079423798462,5000,False
2093,8,0,82464,0.09991055727005005,0.10071319090734529,0.07412507938522321,5000,False
2093,8,1,82464,0.09818649291992188,0.09820836224792663,0.08283673841078955,5000,False
2093,8,2,82464,0.11663558334112167,0.11577178800814,0.09256489051186755,5000,False
3140,8,0,82464,0.20633746683597565,0.20681227715539943,0.1904306714893121,5000,False
3140,8,1,82464,0.19056718051433563,0.19102606071805084,0.18645574387230954,5000,False
3140,8,2,82464,0.19163401424884796,0.19087033794474118,0.1954554977568563,5000,False
16,16,0,82464,1.2921439520141575e-05,1.3427282277335064e-05,1.3427282277335064e-05,101,True
16,16,1,82464,1.3372335160966031e-05,1.2902860731099262e-05,1.2902860731099262e-05,101,True
16,16,2,82464,1.6040639820857905e-05,1.4833475524875397e-05,1.4833475524875397e-05,101,True
24,16,0,82464,2.1228392142802477e-05,2.1630130841311453e-05,2.1630130841311453e-05,101,True
24,16,1,82464,1.8448123228154145e-05,1.7797474112864456e-05,1.7797474112864456e-05,101,True
24,16,2,82464,2.1095940610393882e-05,1.9407935811471726e-05,1.9407935811471726e-05,101,True
36,16,0,82464,3.4554028388811275e-05,3.5246836086007733e-05,3.5246836086007733e-05,101,True
36,16,1,82464,3.253890827181749e-05,3.3694961761795346e-05,3.3694961761795346e-05,101,True
36,16,2,82464,3.790792834479362e-05,3.490523467256425e-05,3.490523467256425e-05,101,True
54,16,0,82464,0.0003676159249152988,0.00036051901141124826,0.00036051901141124826,101,True
54,16,1,82464,0.0002839642984326929,0.0002870358002948805,0.0002870358002948805,101,True
54,16,2,82464,0.0004909513518214226,0.000480287878661954,0.000480287878661954,101,True
81,16,0,82464,0.0006559930625371635,0.0006535180850380294,0.0006535180850380294,101,True
81,16,1,82464,0.00022662921401206404,0.00023152157435019273,0.00023152157435019273,101,True
81,16,2,82464,0.00012556953879538924,0.00012374737714786446,0.00012374737714786446,201,True
122,16,0,82464,0.0003718500956892967,0.0003682708224466839,0.0003682708224466839,101,True
122,16,1,82464,0.00045718371984548867,0.00046306079288330686,0.00046306079288330686,101,True
122,16,2,82464,0.0004742800665553659,0.0004724900515917926,0.0004724900515917926,101,True
183,16,0,82464,0.0005908727762289345,0.0005930471602242843,0.0005930471602242843,201,True
183,16,1,82464,0.0009595289593562484,0.000983724866990527,0.000983724866990527,101,True
183,16,2,82464,0.0005983516457490623,0.0006098724781908253,0.0006098724781908253,201,True
275,16,0,82464,0.0009864275343716145,0.0009893345258596364,0.0009893345258596364,501,True
275,16,1,82464,0.0008662112522870302,0.0008702866645476571,0.0008702866645476571,301,True
275,16,2,82464,0.000771726481616497,0.0007819967630959129,0.0007819967630959129,201,True
413,16,0,82464,0.0007403256604447961,0.000734145041310656,0.000734145041310656,1701,True
413,16,1,82464,0.0008235721616074443,0.000827575470021793,0.000827575470021793,901,True
413,16,2,82464,0.0009496301645413041,0.0009660930370956209,0.0009660930370956209,1001,True
620,16,0,82464,0.0018778573721647263,0.0018842772197799821,0.0012739537143779507,5000,False
620,16,1,82464,0.0010875377338379622,0.001077977226338485,0.0013418637741558664,5000,False
620,16,2,82464,0.0021939557045698166,0.0022064952276613925,0.0013441817645546143,5000,False
930,16,0,82464,0.003736319253221154,0.003741946486594916,0.0027668002132674647,5000,False
930,16,1,82464,0.00489987526088953,0.004919689239671353,0.002847073003892616,5000,False
930,16,2,82464,0.003751796670258045,0.0037360780429955974,0.002565912418424489,5000,False
1395,16,0,82464,0.011653159745037556,0.01168084962339258,0.005481020624707537,5000,False
1395,16,1,82464,0.007184496149420738,0.007194686596839427,0.005922468453213832,5000,False
1395,16,2,82464,0.010771437548100948,0.010711567951729933,0.00690872494396203,5000,False
2093,16,0,82464,0.028978534042835236,0.02921133372705096,0.028586717134758258,5000,False
2093,16,1,82464,0.045916665345430374,0.04592689248141885,0.027987862014890796,5000,False
2093,16,2,82464,0.08025680482387543,0.07966242829262313,0.03325458290106372,5000,False
3140,16,0,82464,0.14502419531345367,0.14535791553187477,0.14331347635267663,5000,False
3140,16,1,82464,0.15857525169849396,0.15895709627218813,0.13998248123863524,5000,False
3140,16,2,82464,0.15234921872615814,0.15174209535744726,0.13959840342814564,5000,False
16,32,0,82464,1.1840857951028738e-05,1.2304398582407183e-05,1.2304398582407183e-05,101,True
16,32,1,82464,1.3149039659765549e-05,1.2687404663090965e-05,1.2687404663090965e-05,101,True
16,32,2,82464,1.43928100442281e-05,1.3309655843504868e-05,1.3309655843504868e-05,101,True
24,32,0,82464,1.8430609998176806e-05,1.8779401806034213e-05,1.8779401806034213e-05,101,True
24,32,1,82464,1.6451107512693852e-05,1.587089138901064e-05,1.587089138901064e-05,101,True
24,32,2,82464,1.9133636669721454e-05,1.760264684017056e-05,1.760264684017056e-05,101,True
36,32,0,82464,3.0145443815854378e-05,3.074985946534172e-05,3.074985946534172e-05,101,True
36,32,1,82464,2.360914550081361e-05,2.4447939317238294e-05,2.4447939317238294e-05,101,True
36,32,2,82464,3.133752761641517e-05,2.8855276541619984e-05,2.8855276541619984e-05,101,True
54,32,0,82464,0.0002127435727743432,0.0002086365071327498,0.0002086365071327498,101,True
54,32,1,82464,0.0001559150987304747,0.00015760155550950298,0.00015760155550950298,101,True
54,32,2,82464,7.281031139427796e-05,7.122886997772017e-05,7.122886997772017e-05,101,True
81,32,0,82464,0.00011766749958042055,0.0001172235552302859,0.0001172235552302859,201,True
81,32,1,82464,9.110621613217518e-05,9.307297244955933e-05,9.307297244955933e-05,101,True
81,32,2,82464,0.00032911018934100866,0.00032433441353917205,0.00032433441353917205,101,True
122,32,0,82464,0.00024141892208717763,0.00023909512468036167,0.00023909512468036167,101,True
122,32,1,82464,0.0002273916034027934,0.00023031471068630838,0.00023031471068630838,101,True
122,32,2,82464,0.000246307608904317,0.0002453780014072471,0.0002453780014072471,101,True
183,32,0,82464,0.0008270958787761629,0.0008301395526663505,0.0008301395526663505,101,True
183,32,1,82464,0.00047532765893265605,0.0004873137319108686,0.0004873137319108686,201,True
183,32,2,82464,0.0007177998195402324,0.0007316205410280093,0.0007316205410280093,101,True
275,32,0,82464,0.0002882615081034601,0.0002891110117123744,0.0002891110117123744,201,True
275,32,1,82464,0.00015074781549628824,0.00015145706453214896,0.00015145706453214896,201,True
275,32,2,82464,0.0009388301405124366,0.0009513242689816652,0.0009513242689816652,301,True
413,32,0,82464,0.0006477758288383484,0.0006423678632682421,0.0006423678632682421,301,True
413,32,1,82464,0.0003908207581844181,0.00039272050188955747,0.00039272050188955747,401,True
413,32,2,82464,0.0008626194321550429,0.0008775738789541345,0.0008775738789541345,301,True
620,32,0,82464,0.0006218760390765965,0.0006240020521943278,0.0006240020521943278,701,True
620,32,1,82464,0.0006730723544023931,0.00066715539805988,0.00066715539805988,601,True
620,32,2,82464,0.00013687199680134654,0.00013765428678145218,0.00013765428678145218,901,True
930,32,0,82464,0.0006661956431344151,0.0006671989937857999,0.0006671989937857999,2201,True
930,32,1,82464,0.0005514973308891058,0.000553727460398665,0.000553727460398665,2001,True
930,32,2,82464,0.0009737717919051647,0.0009696920516684449,0.0009696920516684449,1201,True
1395,32,0,82464,0.005703401751816273,0.005716953998946918,0.002677343329206165,5000,False
1395,32,1,82464,0.009195749647915363,0.00920879284556118,0.0016265646382702546,5000,False
1395,32,2,82464,0.006888342089951038,0.006850055439840575,0.002362408880556394,5000,False
2093,32,0,82464,0.045144882053136826,0.045507554446101606,0.029887792974528725,5000,False
2093,32,1,82464,0.045485932379961014,0.045496063577697456,0.03437472799320256,5000,False
2093,32,2,82464,0.024014834314584732,0.023836982057074286,0.0317224700536189,5000,False
3140,32,0,82464,0.15384429693222046,0.15419831339315718,0.14412072253156022,5000,False
3140,32,1,82464,0.13312527537345886,0.1334458371476224,0.13381485678887728,5000,False
3140,32,2,82464,0.14460791647434235,0.14403164279124606,0.13434515577977138,5000,False
