name,layer,kind,m,n,min_dim,base_fro,ft_fro,delta_fro,rel_fro,spectral,nuclear,stable_rank,erank_entropy,r50,r90,r95,r99,numerical_rank,sigma_max_ratio,method,sec
lm_head.weight,-1,lm_head,151936,4096,4096,649.2104226551,649.0285505506109,5.89398597717615,0.009078698941818102,3.5660229182744714,244.37962459283796,2.7318065155913414,3353.182767926956,20,1928,2809,3766,905,729.3769297228713,gram,201.42
model.embed_tokens.weight,-1,embed_tokens,151936,4096,4096,550.0750301823697,550.0488970460907,3.4085924428271532,0.0061965954747974575,0.36253546634286726,191.14026645739347,88.39936691343429,3622.545309324328,581,2548,3112,3825,4096,18.942677108550882,gram,193.1
model.norm.weight,-1,norm,4096,1,1,131.3412591961079,131.34125919824655,0.0009033792909815663,6.87810743182162e-06,,,,,,,,,,,1d,0.01
model.layers.0.input_layernorm.weight,0,input_layernorm,4096,1,1,0.7312481600824784,0.7299364509072718,0.018629314997863744,0.02547605042279634,,,,,,,,,,,1d,0.0
model.layers.0.mlp.down_proj.weight,0,down_proj,4096,12288,4096,187.32583618164062,187.30810546875,2.1144715668696934,0.011287666506500382,0.21974167227745056,107.62989001721144,92.59314780869666,3281.1326055072827,340,1926,2563,3550,4096,31.909397615780115,svd,24.69
model.layers.0.mlp.gate_proj.weight,0,gate_proj,12288,4096,4096,180.13546752929688,180.11932373046875,2.0975911535514897,0.011644520550681282,0.344630628824234,99.44223421404604,37.04537032257873,3030.2350863957945,265,1547,2155,3258,4096,224.94719389189544,svd,21.62
model.layers.0.mlp.up_proj.weight,0,up_proj,12288,4096,4096,169.760009765625,169.7448272705078,2.0976708493258784,0.012356684311116405,0.34872540831565857,98.97268434753641,36.18324418694352,3015.1998973763625,259,1528,2132,3237,4096,236.59868922964498,svd,15.31
model.layers.0.post_attention_layernorm.weight,0,post_attention_layernorm,4096,1,1,7.869883609372147,7.866242204168386,0.020473196812182213,0.0026014611941399405,,,,,,,,,,,1d,0.0
model.layers.0.self_attn.k_norm.weight,0,k_norm,128,1,1,42.29246509791531,42.2924688552711,0.0009860531263063666,2.3315101733215073e-05,,,,,,,,,,,1d,0.0
model.layers.0.self_attn.k_proj.weight,0,k_proj,1024,4096,1024,58.97813154812385,58.97218199593068,0.6023621715695269,0.010213313914124469,0.09514396767273182,15.738474564205944,40.082321202089645,846.8921135051503,95,537,687,899,1024,48.91501532949064,gram,0.75
model.layers.0.self_attn.o_proj.weight,0,o_proj,4096,4096,4096,101.2233657836914,101.214111328125,1.1921840807348052,0.01177775577313269,0.25052571296691895,48.245550825437704,22.64550569173461,2430.4900631599876,154,1056,1506,2433,4049,156704.37766619615,svd,7.65
model.layers.0.self_attn.q_norm.weight,0,q_norm,128,1,1,20.200285605845913,20.200285755898527,0.00013037115089901017,6.453926119800734e-06,,,,,,,,,,,1d,0.0
model.layers.0.self_attn.q_proj.weight,0,q_proj,4096,4096,4096,106.56937408447266,106.55963134765625,1.1870210132943422,0.0111384816087353,0.22500547766685486,49.15993608063309,27.831116698346595,2510.2076265711457,161,1168,1614,2489,4055,94688.2702722512,svd,6.34
model.layers.0.self_attn.v_proj.weight,0,v_proj,1024,4096,1024,52.102281636123585,52.096299971814375,0.6043851903736432,0.011599975498090258,0.11507946153671281,15.898061370667595,27.58239577213677,848.7814984209668,103,531,682,904,1024,39.10449007159286,gram,0.63
model.layers.1.input_layernorm.weight,1,input_layernorm,4096,1,1,1.7231855552510582,1.7251793908155846,0.018829806892057495,0.010927324010270717,,,,,,,,,,,1d,0.0
model.layers.1.mlp.down_proj.weight,1,down_proj,4096,12288,4096,118.87561798095703,118.86626434326172,1.4947675298868046,0.012574214588951643,0.5585591793060303,63.82906555465888,7.161581257114442,2833.6141232157224,142,1329,1876,2905,4096,374.686639596693,svd,25.83
model.layers.1.mlp.gate_proj.weight,1,gate_proj,12288,4096,4096,150.5590057373047,150.54527282714844,1.3581367724335458,0.009020627931106383,0.3465508222579956,60.88884117497946,15.358653730651346,2863.539100667282,212,1396,1933,2945,4095,840.869607256251,svd,15.58
model.layers.1.mlp.up_proj.weight,1,up_proj,12288,4096,4096,103.64915466308594,103.64143371582031,1.4211417904442574,0.013711079410765088,0.4592196047306061,58.26232409483055,9.577099078085784,2655.284193314087,126,1138,1661,2728,4095,891.4998902198485,svd,15.66
model.layers.1.post_attention_layernorm.weight,1,post_attention_layernorm,4096,1,1,24.005962993850844,24.005984766235123,0.006792875641409181,0.00028296617982577504,,,,,,,,,,,1d,0.0
model.layers.1.self_attn.k_norm.weight,1,k_norm,128,1,1,22.303003401903847,22.303002888784977,0.00048828125,2.18930715832782e-05,,,,,,,,,,,1d,0.0
model.layers.1.self_attn.k_proj.weight,1,k_proj,1024,4096,1024,51.49727716544894,51.49364055291508,0.5911490920826816,0.011479230060716486,0.10639972882337588,13.886347332573642,30.868321270206707,760.2627383437367,52,394,558,840,1024,49.221694045345465,gram,0.87
model.layers.1.self_attn.o_proj.weight,1,o_proj,4096,4096,4096,103.32748413085938,103.31983184814453,1.1734518417397075,0.011356628409277583,0.2328992784023285,44.69172140344841,25.38599884511003,2332.46897869206,100,928,1392,2363,4051,274311.6886189042,svd,6.95
model.layers.1.self_attn.q_norm.weight,1,q_norm,128,1,1,18.553805633870276,18.553805066457276,0.0003662109375,1.9737780201354285e-05,,,,,,,,,,,1d,0.0
model.layers.1.self_attn.q_proj.weight,1,q_proj,4096,4096,4096,94.09603118896484,94.09012603759766,1.1794756831973712,0.012534807985989554,0.22877219319343567,41.958016605390654,26.5810120220778,2138.5439045706717,78,749,1165,2146,4041,1241123.2192108438,svd,7.46
model.layers.1.self_attn.v_proj.weight,1,v_proj,1024,4096,1024,54.88114038807322,54.877776807313374,0.5836429897488077,0.010634673143119206,0.12444557402099299,13.874594497806626,21.995591044686602,774.9260780004156,55,411,581,862,1024,47.13309437161974,gram,0.69
model.layers.2.input_layernorm.weight,2,input_layernorm,4096,1,1,2.754183702755846,2.754151718168731,0.018857832686037867,0.006846977079692181,,,,,,,,,,,1d,0.0
model.layers.2.mlp.down_proj.weight,2,down_proj,4096,12288,4096,116.32303619384766,116.31571197509766,1.468985777934139,0.012628502711071958,0.6412698030471802,58.78506218956318,5.24751396211383,2708.7462688402393,93,1180,1710,2734,4096,648.2098205370767,svd,24.21
model.layers.2.mlp.gate_proj.weight,2,gate_proj,12288,4096,4096,126.54078674316406,126.52702331542969,1.3455998149117698,0.010633724110178655,0.35134804248809814,58.78891334478976,14.667522427733493,2791.914821141731,187,1339,1858,2838,4096,367.4061707860001,svd,15.82
model.layers.2.mlp.up_proj.weight,2,up_proj,12288,4096,4096,113.73963928222656,113.73009490966797,1.357687960074761,0.011936805573172827,0.4085291028022766,54.29254175705137,11.044700229405777,2607.760294223227,101,1106,1624,2661,4096,513.7394408203638,svd,15.24
model.layers.2.post_attention_layernorm.weight,2,post_attention_layernorm,4096,1,1,36.330219758049246,36.33019419037811,0.001953125,5.3760340922991965e-05,,,,,,,,,,,1d,0.0
model.layers.2.self_attn.k_norm.weight,2,k_norm,128,1,1,19.323498877154467,19.323498569242894,0.0007261163767290942,3.7576858173833103e-05,,,,,,,,,,,1d,0.0
model.layers.2.self_attn.k_proj.weight,2,k_proj,1024,4096,1024,54.17562243504377,54.17067413057742,0.5978677707750726,0.011035734226992984,0.1052141395815053,14.79735333742557,32.2895556971601,799.2817157672356,70,451,615,875,1024,38.916560735427566,gram,0.68
model.layers.2.self_attn.o_proj.weight,2,o_proj,4096,4096,4096,104.95137786865234,104.94164276123047,1.1724010978609647,0.011170897625834172,0.2368520349264145,45.02249552873752,24.501811377673118,2357.9259636000897,102,955,1425,2392,4052,348039.62961573305,svd,6.63
model.layers.2.self_attn.q_norm.weight,2,q_norm,128,1,1,18.27884377350956,18.278842180989813,0.0005033087921896558,2.7535045346743636e-05,,,,,,,,,,,1d,0.0
model.layers.2.self_attn.q_proj.weight,2,q_proj,4096,4096,4096,102.22962188720703,102.22119140625,1.1971623593816347,0.011710523205323871,0.23449361324310303,45.310047016117565,26.064180214044036,2281.4408085364644,105,888,1332,2301,4049,11024899.669415455,svd,7.46
model.layers.2.self_attn.v_proj.weight,2,v_proj,1024,4096,1024,56.44478032356059,56.43909446761427,0.5828950194608835,0.010326818815123763,0.1163907259685214,14.13057001299266,25.08094725964548,788.640976114115,62,433,603,873,1024,36.30706330012833,gram,0.63
model.layers.3.input_layernorm.weight,3,input_layernorm,4096,1,1,3.2982585976666647,3.2980596188813873,0.018479781211768548,0.005602890332746003,,,,,,,,,,,1d,0.0
model.layers.3.mlp.down_proj.weight,3,down_proj,4096,12288,4096,135.2230987548828,135.2109375,1.6976282715955737,0.012554277244251224,0.397847056388855,78.32231184327975,18.207608226720186,3026.317555296437,201,1566,2160,3213,4096,123.86248607422398,svd,33.34
model.layers.3.mlp.gate_proj.weight,3,gate_proj,12288,4096,4096,168.82057189941406,168.80941772460938,1.6050010663662027,0.0095071415071528,0.32391268014907837,76.25323483970715,24.552445257080297,3083.4182567732614,255,1644,2233,3258,4096,363.44786189082083,svd,16.64
model.layers.3.mlp.up_proj.weight,3,up_proj,12288,4096,4096,124.0797119140625,124.06980895996094,1.6497964245168306,0.013296262532100856,0.403087854385376,71.98339800117537,16.751792745330583,2860.2270176299335,149,1342,1932,3049,4096,369.77064533312375,svd,16.75
model.layers.3.post_attention_layernorm.weight,3,post_attention_layernorm,4096,1,1,30.40867627068224,30.408737478760006,0.0029842588798836707,9.813840146539923e-05,,,,,,,,,,,1d,0.0
model.layers.3.self_attn.k_norm.weight,3,k_norm,128,1,1,20.99726019240712,20.99725803855342,0.001021313508952729,4.864032257513295e-05,,,,,,,,,,,1d,0.0
model.layers.3.self_attn.k_proj.weight,3,k_proj,1024,4096,1024,52.773331821265984,52.768732005628294,0.5991407579248622,0.011353097052011714,0.10486259542684148,14.702776558354298,32.644988782423674,796.1118439683502,64,449,614,872,1024,40.048515875351065,gram,0.62
model.layers.3.self_attn.o_proj.weight,3,o_proj,4096,4096,4096,106.15252685546875,106.14260864257812,1.1609365985170572,0.01093649518204792,0.2560694217681885,44.038424717467706,20.55424663847554,2349.431480086667,91,941,1411,2381,4047,325556.16367229813,svd,6.51
model.layers.3.self_attn.q_norm.weight,3,q_norm,128,1,1,19.740640947358273,19.740640519643158,0.0004443426446094066,2.25090282425124e-05,,,,,,,,,,,1d,0.0
model.layers.3.self_attn.q_proj.weight,3,q_proj,4096,4096,4096,101.20526885986328,101.1981430053711,1.1977187664601219,0.011834549524477477,0.25884464383125305,45.41193035629374,21.41072351250655,2299.4278921907953,102,913,1360,2313,4039,222795.95168872896,svd,7.52
model.layers.3.self_attn.v_proj.weight,3,v_proj,1024,4096,1024,57.32059330026801,57.31414270047237,0.5744691791594957,0.010022038260319256,0.11576601661841146,14.097119661203145,24.624719192941054,796.0713936021843,67,444,610,875,1024,35.44712058067984,gram,0.63
model.layers.4.input_layernorm.weight,4,input_layernorm,4096,1,1,4.542646200015888,4.541049118618046,0.019609141224577846,0.0043166780685022195,,,,,,,,,,,1d,0.0
model.layers.4.mlp.down_proj.weight,4,down_proj,4096,12288,4096,162.13119506835938,162.11534118652344,2.035800769079999,0.012556502579418056,0.425179660320282,99.22601221641526,22.92585740920485,3188.496521415703,263,1778,2422,3463,4096,73.21985972800277,svd,24.07
model.layers.4.mlp.gate_proj.weight,4,gate_proj,12288,4096,4096,228.45590209960938,228.4369659423828,2.02575032565263,0.008867139378037917,0.3929867446422577,101.45946700964123,26.571497503844395,3268.8709924443524,321,1899,2530,3517,4096,281.0892772864059,svd,15.56
model.layers.4.mlp.up_proj.weight,4,up_proj,12288,4096,4096,153.32044982910156,153.30955505371094,2.015741479366771,0.013147244751848834,0.37856242060661316,92.97014653054066,28.35271585724693,3008.1189952729974,201,1514,2147,3279,4096,224.9947212673774,svd,15.62
model.layers.4.post_attention_layernorm.weight,4,post_attention_layernorm,4096,1,1,24.902282320808943,24.902175780596572,0.004462304574600182,0.00017919259436197118,,,,,,,,,,,1d,0.0
model.layers.4.self_attn.k_norm.weight,4,k_norm,128,1,1,22.81727060789997,22.81727213817411,0.0008056871815456595,3.5310410056962424e-05,,,,,,,,,,,1d,0.0
model.layers.4.self_attn.k_proj.weight,4,k_proj,1024,4096,1024,54.64290722342478,54.63806500805707,0.6057652787407651,0.01108589036567713,0.10265593962426905,15.379240283969477,34.820947840465614,821.4571951086208,80,489,651,892,1024,45.573011475230125,gram,0.63
model.layers.4.self_attn.o_proj.weight,4,o_proj,4096,4096,4096,108.41720581054688,108.40556335449219,1.17993167059506,0.010883251064936272,0.2481047511100769,47.119863390719615,22.61744560743286,2447.2554098693467,126,1059,1532,2473,4052,614079.2985476922,svd,7.11
model.layers.4.self_attn.q_norm.weight,4,q_norm,128,1,1,19.468188319917356,19.468185777056643,0.00060117498834509,3.0879863008619754e-05,,,,,,,,,,,1d,0.0
model.layers.4.self_attn.q_proj.weight,4,q_proj,4096,4096,4096,104.40249633789062,104.39386749267578,1.2196553156899084,0.011682242843529108,0.2797451913356781,47.656970067328416,19.008548966565574,2371.7651700262477,119,988,1441,2383,4044,188920.84516199617,svd,6.53
model.layers.4.self_attn.v_proj.weight,4,v_proj,1024,4096,1024,57.75564549779038,57.74829591694158,0.5785530952733925,0.010017256153695257,0.1225163625424898,14.533083613371907,22.299660654031317,819.0130493357606,74,483,648,896,1024,31.247016095546865,gram,0.63
model.layers.5.input_layernorm.weight,5,input_layernorm,4096,1,1,4.575268250245227,4.575643400526062,0.01978896560312888,0.004325203358745992,,,,,,,,,,,1d,0.0
model.layers.5.mlp.down_proj.weight,5,down_proj,4096,12288,4096,173.98553466796875,173.97134399414062,2.150091104046556,0.012357872786089623,0.2701103389263153,108.42554682213813,63.36235478488492,3258.367875183991,323,1889,2532,3533,4096,42.27465333485507,svd,24.5
model.layers.5.mlp.gate_proj.weight,5,gate_proj,12288,4096,4096,235.38992309570312,235.36599731445312,2.146168163758219,0.009117502293781863,0.36319008469581604,108.89551181544084,34.918817602069076,3287.895663017914,340,1932,2568,3547,4096,197.33133930231222,svd,15.33
model.layers.5.mlp.up_proj.weight,5,up_proj,12288,4096,4096,172.67465209960938,172.66033935546875,2.128482015668145,0.012326545846696093,0.349914014339447,101.11217108834535,37.00132674218002,3073.2197609216632,242,1606,2241,3345,4096,170.5531792040023,svd,15.31
model.layers.5.post_attention_layernorm.weight,5,post_attention_layernorm,4096,1,1,19.454143190227473,19.45406833070753,0.006250428180693672,0.00032129033489550804,,,,,,,,,,,1d,0.0
model.layers.5.self_attn.k_norm.weight,5,k_norm,128,1,1,40.58705028126174,40.58705029458852,0.0002423458888895964,5.971015070328401e-06,,,,,,,,,,,1d,0.0
model.layers.5.self_attn.k_proj.weight,5,k_proj,1024,4096,1024,53.408061497490465,53.40308946022188,0.6075198357239207,0.011375058721284153,0.14660602064765807,15.003901731197455,17.171858975554034,803.7312595450672,68,465,624,870,1024,225.38791851253208,gram,0.64
model.layers.5.self_attn.o_proj.weight,5,o_proj,4096,4096,4096,104.9649658203125,104.95570373535156,1.1856123571781199,0.011295315040713065,0.25683364272117615,45.84977443725256,21.30990979227752,2372.2980312043846,106,975,1444,2401,4047,88089.70087944156,svd,8.17
model.layers.5.self_attn.q_norm.weight,5,q_norm,128,1,1,14.096372077104105,14.096371216631246,0.000244140625,1.7319394214666463e-05,,,,,,,,,,,1d,0.0
model.layers.5.self_attn.q_proj.weight,5,q_proj,4096,4096,4096,104.33452606201172,104.32571411132812,1.2105629510734937,0.011602707145609481,0.31560850143432617,46.561044725094746,14.712191539309222,2346.093916530432,109,959,1409,2349,4034,445967.0208060356,svd,7.32
model.layers.5.self_attn.v_proj.weight,5,v_proj,1024,4096,1024,56.696921169210555,56.69199047039447,0.5869524274714516,0.010352456806599714,0.12327775133501521,14.5564206417734,22.669210655917993,805.0436625790949,71,463,628,879,1024,116.00969119403862,gram,0.93
model.layers.6.input_layernorm.weight,6,input_layernorm,4096,1,1,6.154315530133597,6.153787349764114,0.020007063051466448,0.0032508997878808606,,,,,,,,,,,1d,0.0
model.layers.6.mlp.down_proj.weight,6,down_proj,4096,12288,4096,179.37025451660156,179.35476684570312,2.2003054298105447,0.012266835634148491,0.2642199397087097,114.45640841079876,69.34813129200226,3357.0351094896823,386,2050,2677,3605,4096,41.80411768437334,svd,24.27
model.layers.6.mlp.gate_proj.weight,6,gate_proj,12288,4096,4096,223.6566925048828,223.63494873046875,2.2067421721535823,0.009866649405563374,0.3375484347343445,110.00874457298778,42.73965307058218,3226.805390991144,306,1838,2484,3504,4096,126.19988015115857,svd,15.77
model.layers.6.mlp.up_proj.weight,6,up_proj,12288,4096,4096,178.62606811523438,178.6125030517578,2.1669148545583803,0.012131011321149715,0.3575800359249115,103.9053664363455,36.72291658321192,3105.3379967128017,250,1654,2296,3385,4096,166.5493717396663,svd,15.62
model.layers.6.post_attention_layernorm.weight,6,post_attention_layernorm,4096,1,1,22.866516870317863,22.866456557968185,0.0073202062942215665,0.00032012773680119695,,,,,,,,,,,1d,0.0
model.layers.6.self_attn.k_norm.weight,6,k_norm,128,1,1,20.684196577932173,20.684196580025876,0.0003300980781979971,1.5958950929240372e-05,,,,,,,,,,,1d,0.0
model.layers.6.self_attn.k_proj.weight,6,k_proj,1024,4096,1024,53.85516910541436,53.85022068302648,0.6064739542378327,0.011261202300762049,0.09556072322317632,15.435094838768553,40.27777326007867,820.8827524482947,83,486,647,891,1024,31.257839783407647,gram,0.67
model.layers.6.self_attn.o_proj.weight,6,o_proj,4096,4096,4096,109.2992172241211,109.28951263427734,1.2180933989995015,0.01114457568805599,0.2257094830274582,49.751993909083694,29.12470715773486,2488.0082518532017,144,1106,1583,2520,4059,93720.79352674852,svd,6.4
model.layers.6.self_attn.q_norm.weight,6,q_norm,128,1,1,18.702315390662676,18.702315938431653,0.0002729575167846423,1.4594851550888966e-05,,,,,,,,,,,1d,0.0
model.layers.6.self_attn.q_proj.weight,6,q_proj,4096,4096,4096,107.07805633544922,107.06847381591797,1.2258377698919891,0.011448076401870141,0.3355481028556824,46.85425663178951,13.346162902947993,2351.534456299695,103,946,1406,2368,4036,17260851.711248912,svd,7.45
model.layers.6.self_attn.v_proj.weight,6,v_proj,1024,4096,1024,57.65390825084393,57.647588937939204,0.5930453208054334,0.01028629868811612,0.10417939902539149,15.392140211992555,32.40500342009335,838.4911035170321,94,513,674,908,1024,25.112538009430985,gram,0.61
model.layers.7.input_layernorm.weight,7,input_layernorm,4096,1,1,8.933854062290758,8.933750673291236,0.018986908864982943,0.002125276362541378,,,,,,,,,,,1d,0.0
model.layers.7.mlp.down_proj.weight,7,down_proj,4096,12288,4096,180.4427490234375,180.42855834960938,2.227567830997787,0.012345011606470474,0.25385504961013794,115.55681276414543,76.99991780764687,3349.3933119982885,381,2038,2664,3599,4096,36.437018114790035,svd,24.71
model.layers.7.mlp.gate_proj.weight,7,gate_proj,12288,4096,4096,220.1660614013672,220.1466064453125,2.2383031560890116,0.010166431382939305,0.3398091495037079,114.20249439240433,43.38780480431489,3309.9524103845233,345,1978,2614,3567,4096,159.148093617476,svd,15.18
model.layers.7.mlp.up_proj.weight,7,up_proj,12288,4096,4096,180.39691162109375,180.38108825683594,2.1881036748989833,0.012129385449208083,0.34221816062927246,106.894276852021,40.88176953815171,3170.1070958620267,270,1760,2404,3445,4096,184.51015240565485,svd,15.42
model.layers.7.post_attention_layernorm.weight,7,post_attention_layernorm,4096,1,1,23.88568845919416,23.8856462271371,0.005527773526426901,0.0002314261753798811,,,,,,,,,,,1d,0.0
model.layers.7.self_attn.k_norm.weight,7,k_norm,128,1,1,21.10334969119495,21.10334980734907,0.0001220703125,5.784404574925193e-06,,,,,,,,,,,1d,0.0
model.layers.7.self_attn.k_proj.weight,7,k_proj,1024,4096,1024,53.95093781871677,53.94593618307465,0.6067531472562209,0.011246387399140143,0.11278743345699621,15.517262952040774,28.940274568350855,826.6761798988814,83,498,658,895,1024,36.3961303477967,gram,0.65
model.layers.7.self_attn.o_proj.weight,7,o_proj,4096,4096,4096,107.95159149169922,107.9429931640625,1.2409141064365938,0.011495097842369472,0.19992011785507202,51.02516379327329,38.52746590874226,2487.751832675524,154,1115,1585,2508,4065,394109.40177469765,svd,7.76
model.layers.7.self_attn.q_norm.weight,7,q_norm,128,1,1,20.62598449206946,20.62598449206946,0.0,0.0,,,,,,,,,,,1d,0.0
model.layers.7.self_attn.q_proj.weight,7,q_proj,4096,4096,4096,104.44248962402344,104.43450164794922,1.22223772073232,0.01170249507774252,0.3379049599170685,46.276437462488275,13.083448595829157,2337.1504645787154,93,937,1399,2354,4032,159524.9733330657,svd,6.33
model.layers.7.self_attn.v_proj.weight,7,v_proj,1024,4096,1024,61.73571988590469,61.729319753161796,0.6045248948635337,0.009792141340228336,0.11071740707650435,15.76896219220778,29.812374465958953,841.2217225408542,97,517,675,906,1024,32.46800654391695,gram,0.61
model.layers.8.input_layernorm.weight,8,input_layernorm,4096,1,1,11.484278206441532,11.484375464545117,0.01870213081697713,0.0016284985857000116,,,,,,,,,,,1d,0.0
model.layers.8.mlp.down_proj.weight,8,down_proj,4096,12288,4096,187.99847412109375,187.98410034179688,2.2825031009995023,0.01214107248301006,0.23447942733764648,118.50381484534591,94.75742773421317,3343.1320144147626,384,2025,2648,3589,4096,33.30467242295933,svd,25.13
model.layers.8.mlp.gate_proj.weight,8,gate_proj,12288,4096,4096,201.25674438476562,201.2398681640625,2.3018786946036465,0.011437523257371535,0.3909558057785034,117.4434005219955,34.66646297319118,3321.040943635834,342,2002,2632,3569,4096,138.33412874890564,svd,15.35
model.layers.8.mlp.up_proj.weight,8,up_proj,12288,4096,4096,187.1456756591797,187.13027954101562,2.2325126564209876,0.011929277278555535,0.36228546500205994,109.59154426120222,37.973973112726796,3195.3053790296867,270,1805,2450,3470,4096,184.8689043030378,svd,16.09
model.layers.8.post_attention_layernorm.weight,8,post_attention_layernorm,4096,1,1,22.366583536133408,22.366473736609926,0.007154304801552088,0.0003198657850446371,,,,,,,,,,,1d,0.0
model.layers.8.self_attn.k_norm.weight,8,k_norm,128,1,1,20.32403440491126,20.324034564490884,0.0005619399972021575,2.7649037883262895e-05,,,,,,,,,,,1d,0.0
model.layers.8.self_attn.k_proj.weight,8,k_proj,1024,4096,1024,55.24408130708413,55.23861480324944,0.6177187356769791,0.011181627444273487,0.11158990477537865,16.035119225768646,30.643031935440312,839.2986994681313,91,521,679,904,1024,69.97985406551939,gram,0.97
model.layers.8.self_attn.o_proj.weight,8,o_proj,4096,4096,4096,110.65308380126953,110.64228057861328,1.2426223219121784,0.011229893277478729,0.1822400540113449,51.16465596327021,46.49332763332792,2501.141263666171,151,1126,1601,2530,4069,171210.2852018604,svd,7.07
model.layers.8.self_attn.q_norm.weight,8,q_norm,128,1,1,18.65098555647964,18.65098555647964,0.0,0.0,,,,,,,,,,,1d,0.0
model.layers.8.self_attn.q_proj.weight,8,q_proj,4096,4096,4096,106.20207214355469,106.19359588623047,1.2468077437314826,0.011739956844214349,0.326397567987442,48.86148954432974,14.591675187143624,2412.703842316974,113,1021,1490,2431,4038,313491.75987884094,svd,7.57
model.layers.8.self_attn.v_proj.weight,8,v_proj,1024,4096,1024,61.36727198199297,61.36027027705624,0.6025522463466151,0.009818788205599435,0.10298830748144898,15.791330743473228,34.23052639804877,847.4091728429102,97,530,689,915,1024,22.56318790877753,gram,0.69
model.layers.9.input_layernorm.weight,9,input_layernorm,4096,1,1,11.364460092936103,11.363366152512807,0.019374997439728824,0.0017048761913265188,,,,,,,,,,,1d,0.0
model.layers.9.mlp.down_proj.weight,9,down_proj,4096,12288,4096,181.43817138671875,181.4223175048828,2.297598354736646,0.012663257886564092,0.24412977695465088,117.84453755058348,88.5740931268116,3302.466537985432,360,1960,2586,3553,4096,36.395008015354826,svd,24.25
model.layers.9.mlp.gate_proj.weight,9,gate_proj,12288,4096,4096,213.4805145263672,213.46087646484375,2.355127714264481,0.011032050018661473,0.39490729570388794,121.55674872221425,35.56629381151091,3356.525092888855,370,2057,2679,3594,4096,127.96117966851529,svd,16.13
model.layers.9.mlp.up_proj.weight,9,up_proj,12288,4096,4096,181.6908721923828,181.67703247070312,2.2610192690420035,0.012444319528874944,0.3474413752555847,110.6759504196234,42.349223949649534,3172.2868814493127,273,1765,2404,3440,4096,174.5609150891352,svd,15.4
model.layers.9.post_attention_layernorm.weight,9,post_attention_layernorm,4096,1,1,24.613098110133745,24.613143439377403,0.007922681789356314,0.0003218888477145448,,,,,,,,,,,1d,0.0
model.layers.9.self_attn.k_norm.weight,9,k_norm,128,1,1,18.915304474425056,18.91530447756186,0.0007010874971409448,3.706456314720347e-05,,,,,,,,,,,1d,0.0
model.layers.9.self_attn.k_proj.weight,9,k_proj,1024,4096,1024,53.38840330630428,53.38352970283632,0.6189872114101301,0.011594038650281687,0.08974023539973736,16.301542735537947,47.57611156713491,849.3459284573003,99,537,693,911,1024,49.4458551930804,gram,0.64
model.layers.9.self_attn.o_proj.weight,9,o_proj,4096,4096,4096,109.08810424804688,109.07781219482422,1.2515772333330986,0.011473086290758376,0.1824270784854889,51.15923976915701,47.06918763923155,2468.5761059654938,149,1092,1562,2496,4066,96783.78576395921,svd,6.58
model.layers.9.self_attn.q_norm.weight,9,q_norm,128,1,1,18.97097404119228,18.970971094716287,0.0008593828027544387,4.529987763877533e-05,,,,,,,,,,,1d,0.0
model.layers.9.self_attn.q_proj.weight,9,q_proj,4096,4096,4096,103.80669403076172,103.79792785644531,1.2447651591898237,0.011991183909786611,0.2597395181655884,51.05846059830742,22.96671001206802,2491.347717643009,149,1128,1597,2506,4049,187138.7951563118,svd,7.44
model.layers.9.self_attn.v_proj.weight,9,v_proj,1024,4096,1024,62.17014659259484,62.16305406600312,0.6085049436497996,0.009787735384273157,0.09686974621848274,16.20315204084148,39.45952907135866,856.4361275748332,110,541,697,918,1024,20.520110071045714,gram,0.63
model.layers.10.input_layernorm.weight,10,input_layernorm,4096,1,1,16.97756717262149,16.977109681774778,0.014609569326412278,0.0008605219568779694,,,,,,,,,,,1d,0.0
model.layers.10.mlp.down_proj.weight,10,down_proj,4096,12288,4096,184.65809631347656,184.6419219970703,2.3307744599343128,0.012622108136420757,0.26019778847694397,119.50896489992738,80.24043955920172,3300.7290276310546,358,1956,2586,3557,4096,39.44510875297036,svd,25.23
model.layers.10.mlp.gate_proj.weight,10,gate_proj,12288,4096,4096,210.7371063232422,210.71771240234375,2.407383315977227,0.011423632781047185,0.4283331632614136,122.73777016811073,31.588360938564897,3319.8006879004515,345,1992,2619,3565,4096,120.61384661964262,svd,15.24
model.layers.10.mlp.up_proj.weight,10,up_proj,12288,4096,4096,184.61895751953125,184.60337829589844,2.297231836891733,0.012443098302343579,0.3500847816467285,110.36142137926072,43.05892553710324,3109.103953826686,249,1666,2305,3385,4096,181.02323307927603,svd,15.27
model.layers.10.post_attention_layernorm.weight,10,post_attention_layernorm,4096,1,1,24.663301878583326,24.66325742071185,0.009468813640660767,0.0003839231943587708,,,,,,,,,,,1d,0.0
model.layers.10.self_attn.k_norm.weight,10,k_norm,128,1,1,20.80224621775655,20.80224573893575,0.000364918464522538,1.7542262537544163e-05,,,,,,,,,,,1d,0.0
model.layers.10.self_attn.k_proj.weight,10,k_proj,1024,4096,1024,54.84501910347568,54.840879587974555,0.6299562022116875,0.011486115102323922,0.10291422797792046,16.191243634676194,37.46880750137859,829.4619741450042,86,505,664,893,1024,49.87826133248899,gram,0.68
model.layers.10.self_attn.o_proj.weight,10,o_proj,4096,4096,4096,111.05465698242188,111.04435729980469,1.271941560965173,0.01145329331994145,0.20875661075115204,50.97830212950868,37.12392117411006,2422.259187296701,135,1038,1507,2451,4063,263529.0426925953,svd,7.63
model.layers.10.self_attn.q_norm.weight,10,q_norm,128,1,1,17.748559542946712,17.748557660630283,0.0006905339660024879,3.8906479386766215e-05,,,,,,,,,,,1d,0.0
model.layers.10.self_attn.q_proj.weight,10,q_proj,4096,4096,4096,106.5955581665039,106.58659362792969,1.2788710097684324,0.011997413698709698,0.2763589322566986,50.078726294303465,21.414427735989836,2378.0434629873753,117,998,1459,2398,4045,319453.3770832361,svd,6.45
model.layers.10.self_attn.v_proj.weight,10,v_proj,1024,4096,1024,61.45849161768173,61.451928672243824,0.6238661510631781,0.010151016314296922,0.10237497770127177,16.594340090196656,37.13600703610793,858.2642600118136,108,546,703,921,1024,20.886191781389968,gram,0.63
model.layers.11.input_layernorm.weight,11,input_layernorm,4096,1,1,12.040299017899457,12.041335447113823,0.021004985434682166,0.0017445567924396065,,,,,,,,,,,1d,0.0
model.layers.11.mlp.down_proj.weight,11,down_proj,4096,12288,4096,187.57652282714844,187.5601043701172,2.3899622345932254,0.012741265263753505,0.23178362846374512,123.61167846480384,106.32039032569818,3322.9779191447783,376,1992,2620,3575,4096,34.616288041112966,svd,24.67
model.layers.11.mlp.gate_proj.weight,11,gate_proj,12288,4096,4096,205.46482849121094,205.44544982910156,2.4653698619388105,0.011998987272141609,0.41547197103500366,123.34443378262222,35.21119014827707,3258.391323956081,305,1897,2534,3521,4096,128.18713711086914,svd,24.43
model.layers.11.mlp.up_proj.weight,11,up_proj,12288,4096,4096,188.3701629638672,188.35189819335938,2.3555699734926123,0.01250500576327707,0.33934664726257324,112.45323755615391,48.184226757931405,3086.079983293525,240,1633,2275,3370,4096,175.04056029014683,svd,17.56
model.layers.11.post_attention_layernorm.weight,11,post_attention_layernorm,4096,1,1,25.168452522146037,25.16833667488336,0.010477168276522827,0.00041628178241405266,,,,,,,,,,,1d,0.0
model.layers.11.self_attn.k_norm.weight,11,k_norm,128,1,1,21.954850411833682,21.95485857084538,0.0010396992213250922,4.735624255333783e-05,,,,,,,,,,,1d,0.0
model.layers.11.self_attn.k_proj.weight,11,k_proj,1024,4096,1024,55.35875788172686,55.3549758604274,0.6375773287763229,0.011517189929342085,0.10903156347426822,16.34866869742817,34.194893241546154,826.8216895969966,85,499,660,894,1024,58.38747203543832,gram,0.63
model.layers.11.self_attn.o_proj.weight,11,o_proj,4096,4096,4096,110.39739227294922,110.38877868652344,1.2978492824586385,0.01175615887058086,0.1916767954826355,52.213573158591316,45.84684372426705,2427.569877886063,138,1045,1515,2459,4067,71642.34703376406,svd,7.18
model.layers.11.self_attn.q_norm.weight,11,q_norm,128,1,1,20.170915724301196,20.170915705601715,0.0002288818359375,1.1347121720494823e-05,,,,,,,,,,,1d,0.0
model.layers.11.self_attn.q_proj.weight,11,q_proj,4096,4096,4096,106.83870697021484,106.8307876586914,1.289511904419769,0.012069707140683152,0.28344619274139404,51.12954276972886,20.69709798586494,2402.8474880644203,128,1024,1483,2419,4047,442527.00977227837,svd,6.9
model.layers.11.self_attn.v_proj.weight,11,v_proj,1024,4096,1024,62.132316565729965,62.127375496508904,0.6382454069770421,0.01027235812625512,0.10222452562139693,16.84673625673115,38.98209617268838,851.1386913338473,103,533,692,917,1024,21.146456852804334,gram,0.62
model.layers.12.input_layernorm.weight,12,input_layernorm,4096,1,1,12.975992257979925,12.976214972061902,0.01925927580251282,0.0014842237433262447,,,,,,,,,,,1d,0.0
model.layers.12.mlp.down_proj.weight,12,down_proj,4096,12288,4096,188.961669921875,188.9453582763672,2.4362032719335294,0.01289257907670243,0.21324080228805542,125.25626256037503,130.52281407589243,3298.1959963839513,364,1951,2581,3553,4096,31.91108596864118,svd,25.8
model.layers.12.mlp.gate_proj.weight,12,gate_proj,12288,4096,4096,201.27394104003906,201.255615234375,2.531568255406179,0.012577724877472172,0.4285193979740143,126.13227849686518,34.90103531552137,3248.149627865381,297,1882,2521,3513,4096,122.08657171411177,svd,15.53
model.layers.12.mlp.up_proj.weight,12,up_proj,12288,4096,4096,191.2177734375,191.20005798339844,2.4130647480258696,0.012619458456431474,0.336357980966568,115.39981794066262,51.467666308550825,3087.671853162693,243,1637,2279,3369,4096,177.43571254645394,svd,15.06
model.layers.12.post_attention_layernorm.weight,12,post_attention_layernorm,4096,1,1,25.527194701439836,25.5271674276552,0.009931480568904862,0.00038905491516246784,,,,,,,,,,,1d,0.0
model.layers.12.self_attn.k_norm.weight,12,k_norm,128,1,1,20.683093639591092,20.683101497471633,0.0010780485655634993,5.2122210746069054e-05,,,,,,,,,,,1d,0.0
model.layers.12.self_attn.k_proj.weight,12,k_proj,1024,4096,1024,54.43556278064835,54.43071006433018,0.6597471295335408,0.012119781551483591,0.11348516210737548,16.613878787358466,33.796899008876984,814.2197558664534,75,481,643,884,1024,54.235185507424816,gram,0.9
model.layers.12.self_attn.o_proj.weight,12,o_proj,4096,4096,4096,110.058349609375,110.04863739013672,1.2933643956703205,0.011751624481566253,0.18076370656490326,50.516376825647626,51.19403095301841,2348.3885230873575,120,965,1426,2378,4065,136843.22220220751,svd,7.01
model.layers.12.self_attn.q_norm.weight,12,q_norm,128,1,1,19.312207425491515,19.312204629938073,0.0004967901793243319,2.5724153038484794e-05,,,,,,,,,,,1d,0.0
model.layers.12.self_attn.q_proj.weight,12,q_proj,4096,4096,4096,106.70377349853516,106.69267272949219,1.3312373010069811,0.012476009585783245,0.2711957097053528,51.810358117609695,24.09602063501506,2354.3196225499087,116,974,1432,2375,4046,7084910.83935584,svd,6.79
model.layers.12.self_attn.v_proj.weight,12,v_proj,1024,4096,1024,61.97230196130018,61.96739441397495,0.6440815373638561,0.010393054912919888,0.10721530037547408,16.65936194512907,36.08844482451233,834.1988102254853,92,506,667,902,1024,26.011059802499876,gram,0.89
model.layers.13.input_layernorm.weight,13,input_layernorm,4096,1,1,12.034523186753203,12.035486741745435,0.021675301872888016,0.0018010935320432915,,,,,,,,,,,1d,0.0
model.layers.13.mlp.down_proj.weight,13,down_proj,4096,12288,4096,189.56321716308594,189.5480194091797,2.4916172857130996,0.013143991344953206,0.20185914635658264,129.04357950622216,152.35819034964786,3315.00092378837,384,1974,2599,3559,4096,28.515393531758487,svd,23.15
model.layers.13.mlp.gate_proj.weight,13,gate_proj,12288,4096,4096,195.35548400878906,195.33819580078125,2.6114541668391507,0.01336770339511763,0.4071424901485443,128.64905066764913,41.140726726497164,3209.594190722729,275,1825,2469,3485,4096,108.24678352675927,svd,15.36
model.layers.13.mlp.up_proj.weight,13,up_proj,12288,4096,4096,193.191650390625,193.175048828125,2.498691842562525,0.01293374655431675,0.3314042091369629,119.5615023795981,56.84723657095651,3087.6308982867017,245,1637,2279,3369,4096,163.94789817141404,svd,15.33
model.layers.13.post_attention_layernorm.weight,13,post_attention_layernorm,4096,1,1,25.962299413431765,25.96216728895033,0.010994941370951838,0.00042349643981315116,,,,,,,,,,,1d,0.0
model.layers.13.self_attn.k_norm.weight,13,k_norm,128,1,1,20.254897058132254,20.254897511076294,0.0011397648987188267,5.627107831985549e-05,,,,,,,,,,,1d,0.0
model.layers.13.self_attn.k_proj.weight,13,k_proj,1024,4096,1024,54.13953880475871,54.13456995943451,0.6847388677827768,0.01264766717448612,0.10658905599675221,17.60173746428592,41.269074449541655,830.4732112128715,85,506,667,899,1024,53.62332382247436,gram,0.69
model.layers.13.self_attn.o_proj.weight,13,o_proj,4096,4096,4096,106.86434173583984,106.85650634765625,1.3397246214480178,0.01253668529358182,0.16171030700206757,53.72448770428787,68.636586177392,2384.7598695093734,146,1014,1465,2398,4070,43312.703730975656,svd,6.3
model.layers.13.self_attn.q_norm.weight,13,q_norm,128,1,1,20.184517340110958,20.184518496442337,0.000562923179495139,2.7888860060897383e-05,,,,,,,,,,,1d,0.0
model.layers.13.self_attn.q_proj.weight,13,q_proj,4096,4096,4096,106.956787109375,106.94635009765625,1.382942123843217,0.01292991460587718,0.25831177830696106,55.371865279242115,28.66286459134092,2410.2535494097297,136,1044,1502,2424,4048,314052.33758462983,svd,7.35
model.layers.13.self_attn.v_proj.weight,13,v_proj,1024,4096,1024,60.86066172736085,60.857689876962205,0.662685690663475,0.010888571892828163,0.09347784320154147,17.44614827350945,50.257145636453444,846.1365739096115,102,524,683,911,1024,19.861173548838575,gram,0.61
model.layers.14.input_layernorm.weight,14,input_layernorm,4096,1,1,16.766192130658208,16.7668299601941,0.01820935580643912,0.0010860758164127737,,,,,,,,,,,1d,0.0
model.layers.14.mlp.down_proj.weight,14,down_proj,4096,12288,4096,188.1665496826172,188.14991760253906,2.5270859764619833,0.01343004896845075,0.19956137239933014,130.38134602457285,160.35668570148198,3300.2384231407777,377,1950,2575,3546,4096,29.12214078880809,svd,25.73
model.layers.14.mlp.gate_proj.weight,14,gate_proj,12288,4096,4096,192.3545684814453,192.33705139160156,2.6735244635941555,0.013898939259412662,0.417819082736969,131.89597973506898,40.94414270025533,3218.1425016177786,275,1842,2485,3490,4096,121.8069574951573,svd,15.15
model.layers.14.mlp.up_proj.weight,14,up_proj,12288,4096,4096,191.231201171875,191.21478271484375,2.5379599152541172,0.013271683175660406,0.3283753991127014,121.64662684302311,59.73492046415565,3086.713521705358,249,1639,2276,3360,4096,192.1894998637644,svd,15.22
model.layers.14.post_attention_layernorm.weight,14,post_attention_layernorm,4096,1,1,27.182310411484682,27.18223341439694,0.010951285064414163,0.0004028827902644648,,,,,,,,,,,1d,0.0
model.layers.14.self_attn.k_norm.weight,14,k_norm,128,1,1,21.555280821379895,21.555296815264395,0.0013973252225882673,6.482519221935846e-05,,,,,,,,,,,1d,0.0
model.layers.14.self_attn.k_proj.weight,14,k_proj,1024,4096,1024,54.62736852518555,54.62238805564737,0.7112834851829715,0.0130206433951697,0.09919701413282381,18.21566842840124,51.41481181782564,822.4945207535342,86,491,651,888,1024,43.667634297462975,gram,0.64
model.layers.14.self_attn.o_proj.weight,14,o_proj,4096,4096,4096,106.63172149658203,106.62371063232422,1.3612427243239005,0.0127658327673864,0.15904328227043152,53.29364894106186,73.2555415312887,2311.9803615711226,137,930,1377,2335,4069,102479.48980350839,svd,7.67
model.layers.14.self_attn.q_norm.weight,14,q_norm,128,1,1,19.624235253710754,19.62423527051081,6.103515625e-05,3.110192853933288e-06,,,,,,,,,,,1d,0.0
model.layers.14.self_attn.q_proj.weight,14,q_proj,4096,4096,4096,106.96000671386719,106.95126342773438,1.4445710128659546,0.013505711688391797,0.24100777506828308,56.89520469501349,35.92656413048863,2359.049691884832,128,988,1440,2374,4058,105286.93809728809,svd,6.37
model.layers.14.self_attn.v_proj.weight,14,v_proj,1024,4096,1024,59.28952113822433,59.28689192738625,0.6751547696851714,0.011387421532906991,0.08349012318770278,18.1196050231694,65.39378521525909,859.5202886029007,116,544,699,919,1024,15.721763211563927,gram,0.64
model.layers.15.input_layernorm.weight,15,input_layernorm,4096,1,1,18.109171563010506,18.109410917445615,0.018523340348045654,0.0010228706643809207,,,,,,,,,,,1d,0.0
model.layers.15.mlp.down_proj.weight,15,down_proj,4096,12288,4096,187.37051391601562,187.35498046875,2.5673964069779287,0.013702243503098302,0.19461165368556976,132.89682037057355,174.0396383292691,3309.2754599815794,383,1965,2588,3552,4096,27.012410412494372,svd,25.19
model.layers.15.mlp.gate_proj.weight,15,gate_proj,12288,4096,4096,185.81692504882812,185.8008575439453,2.71084857077618,0.014588814070967007,0.41541680693626404,132.39262096886523,42.58360162042317,3188.0928698935377,257,1797,2442,3466,4096,106.79805972724918,svd,15.2
model.layers.15.mlp.up_proj.weight,15,up_proj,12288,4096,4096,189.35939025878906,189.3443603515625,2.577111272621523,0.013609630180470513,0.3351067900657654,123.22146475291811,59.14252820588282,3084.9948970029977,243,1637,2277,3362,4096,209.0443579538217,svd,15.18
model.layers.15.post_attention_layernorm.weight,15,post_attention_layernorm,4096,1,1,28.073262795211015,28.07287675957015,0.011596799533390986,0.0004130905487540571,,,,,,,,,,,1d,0.0
model.layers.15.self_attn.k_norm.weight,15,k_norm,128,1,1,21.584050335461633,21.584050841154333,0.0004861906117661993,2.2525457650892672e-05,,,,,,,,,,,1d,0.0
model.layers.15.self_attn.k_proj.weight,15,k_proj,1024,4096,1024,54.13428458047641,54.130276888710505,0.7497565881579117,0.013849939903487676,0.10405305607000222,19.1097626909548,51.91954777421521,818.2999020368578,84,485,644,883,1024,52.09076338668866,gram,0.9
model.layers.15.self_attn.o_proj.weight,15,o_proj,4096,4096,4096,103.56718444824219,103.55975341796875,1.3447516266794255,0.01298434087827746,0.16512693464756012,51.954984795991265,66.320580482453,2280.364866874234,128,900,1343,2303,4064,235403.5624715211,svd,7.19
model.layers.15.self_attn.q_norm.weight,15,q_norm,128,1,1,19.99573042128318,19.995729803032393,0.0007349606066157407,3.675587693627946e-05,,,,,,,,,,,1d,0.0
model.layers.15.self_attn.q_proj.weight,15,q_proj,4096,4096,4096,107.30179595947266,107.29039764404297,1.489448229248955,0.013880925439603065,0.23576824367046356,59.01082664145268,39.90986037118285,2364.067291741679,134,1002,1450,2371,4057,1478589.1627084697,svd,6.92
model.layers.15.self_attn.v_proj.weight,15,v_proj,1024,4096,1024,58.486753685867605,58.48384262789161,0.68323928151807,0.01168194913309323,0.09342816052726176,18.180828834712997,53.47983492951471,852.4961821917227,111,531,688,914,1024,18.304293317583625,gram,0.89
model.layers.16.input_layernorm.weight,16,input_layernorm,4096,1,1,26.680709208282057,26.680607557001302,0.014408951346780215,0.0005400512870290173,,,,,,,,,,,1d,0.0
model.layers.16.mlp.down_proj.weight,16,down_proj,4096,12288,4096,185.7312469482422,185.71559143066406,2.5647212430435045,0.013808776310849853,0.21242795884609222,131.15789085673168,145.7662515113668,3271.1573866056724,357,1906,2537,3527,4096,29.41516191295648,svd,23.83
model.layers.16.mlp.gate_proj.weight,16,gate_proj,12288,4096,4096,189.12429809570312,189.1069793701172,2.7564977349284083,0.014575058639654621,0.45685362815856934,135.1638808734715,36.405007374802416,3205.5836625653806,262,1826,2471,3481,4096,175.51773585081187,svd,15.51
model.layers.16.mlp.up_proj.weight,16,up_proj,12288,4096,4096,189.37307739257812,189.35690307617188,2.612891597863827,0.013797587459843526,0.35413265228271484,124.94431975507177,54.43908793761403,3080.196510798198,246,1631,2269,3354,4096,224.75842861751212,svd,15.31
model.layers.16.post_attention_layernorm.weight,16,post_attention_layernorm,4096,1,1,28.994273056077226,28.99393832228879,0.013530607456271784,0.0004666648282611552,,,,,,,,,,,1d,0.0
model.layers.16.self_attn.k_norm.weight,16,k_norm,128,1,1,20.24326355181891,20.243267468924866,0.0010435271536328838,5.154935373743473e-05,,,,,,,,,,,1d,0.0
model.layers.16.self_attn.k_proj.weight,16,k_proj,1024,4096,1024,52.425724142533596,52.42045256462404,0.7638170248197472,0.014569508334173663,0.10209587781426717,19.400882776305657,55.970895232704244,814.4553552083537,82,480,639,878,1024,64.33934369371552,gram,0.64
model.layers.16.self_attn.o_proj.weight,16,o_proj,4096,4096,4096,106.20541381835938,106.19709014892578,1.3974690866886041,0.01315817185250697,0.16304750740528107,55.149412580299895,73.46087408159367,2325.5751533005296,144,948,1393,2341,4069,100471.89504156027,svd,6.55
model.layers.16.self_attn.q_norm.weight,16,q_norm,128,1,1,18.381581114442767,18.3815857712625,0.0007425247229367944,4.039504100946669e-05,,,,,,,,,,,1d,0.0
model.layers.16.self_attn.q_proj.weight,16,q_proj,4096,4096,4096,103.83583068847656,103.82494354248047,1.5386264495313593,0.014817875865484817,0.24018345773220062,61.433138725134995,41.03743446828214,2388.4513241248856,138,1022,1476,2401,4060,405703.3852733781,svd,7.57
model.layers.16.self_attn.v_proj.weight,16,v_proj,1024,4096,1024,58.476171430442456,58.47217771038018,0.6820745835879956,0.011664145700771693,0.08741484390652983,18.331698527217362,60.88262376525503,860.7203734995178,117,545,701,920,1024,15.749852779354665,gram,0.64
model.layers.17.input_layernorm.weight,17,input_layernorm,4096,1,1,25.419266361162837,25.41977586151054,0.01501018178607363,0.000590504130717421,,,,,,,,,,,1d,0.0
model.layers.17.mlp.down_proj.weight,17,down_proj,4096,12288,4096,186.5786895751953,186.56285095214844,2.6117969821030567,0.013998367059226403,0.2244722694158554,133.30940999789163,135.37966554141096,3268.0463906367245,351,1902,2537,3530,4096,31.103343058884136,svd,24.7
model.layers.17.mlp.gate_proj.weight,17,gate_proj,12288,4096,4096,187.11322021484375,187.0959014892578,2.7984968695932366,0.014956168604120983,0.4925439655780792,134.1532784893643,32.281941454482215,3144.31213142226,227,1729,2382,3434,4096,140.59669708854022,svd,19.22
model.layers.17.mlp.up_proj.weight,17,up_proj,12288,4096,4096,190.42784118652344,190.40989685058594,2.6713269214536934,0.014028027124653078,0.4069308340549469,126.08706197619904,43.093610778955345,3056.8335241528694,224,1595,2240,3342,4096,224.16604570923081,svd,15.64
model.layers.17.post_attention_layernorm.weight,17,post_attention_layernorm,4096,1,1,28.597508663981408,28.59714502710337,0.013125263084280669,0.00045896526297101864,,,,,,,,,,,1d,0.0
model.layers.17.self_attn.k_norm.weight,17,k_norm,128,1,1,21.361892525369814,21.361906368318657,0.001905577791229146,8.920453976472143e-05,,,,,,,,,,,1d,0.0
model.layers.17.self_attn.k_proj.weight,17,k_proj,1024,4096,1024,51.24523784174038,51.24041365374759,0.7855308016649863,0.015328854636032906,0.11036005179380792,20.065410031376416,50.66436999724559,820.8310458046114,84,488,648,887,1024,49.40770688187247,gram,1.01
model.layers.17.self_attn.o_proj.weight,17,o_proj,4096,4096,4096,105.56769561767578,105.5598373413086,1.3497983732569405,0.01278609299330887,0.19110959768295288,51.428468793614684,49.88532481360103,2245.657389379899,123,866,1301,2260,4060,107037.96787264897,svd,6.93
model.layers.17.self_attn.q_norm.weight,17,q_norm,128,1,1,19.926733810324585,19.92674833390745,0.0014447583605423232,7.250352086269562e-05,,,,,,,,,,,1d,0.0
model.layers.17.self_attn.q_proj.weight,17,q_proj,4096,4096,4096,105.27765655517578,105.26568603515625,1.5744159934674504,0.0149548920918684,0.25636667013168335,62.76138988023422,37.71515185109601,2388.355628360704,136,1019,1474,2402,4060,104531.8032398658,svd,7.23
model.layers.17.self_attn.v_proj.weight,17,v_proj,1024,4096,1024,57.25976383484369,57.25724148249781,0.6787775321368715,0.011854354378664242,0.08311685909212826,18.074645308013263,66.69244978985041,852.8004945866267,112,532,688,913,1024,16.591236405871083,gram,0.78
model.layers.18.input_layernorm.weight,18,input_layernorm,4096,1,1,26.816030806978482,26.81626142808632,0.014711371967951982,0.0005486036346633005,,,,,,,,,,,1d,0.0
model.layers.18.mlp.down_proj.weight,18,down_proj,4096,12288,4096,186.4953155517578,186.48045349121094,2.676053916671174,0.014349174984657874,0.21738776564598083,137.12151927594095,151.53729161048895,3278.5491461971096,359,1918,2552,3538,4096,28.95465064287858,svd,23.56
model.layers.18.mlp.gate_proj.weight,18,gate_proj,12288,4096,4096,185.7686767578125,185.75120544433594,2.8384356242105593,0.01527940917569772,0.4928523302078247,136.11763337510638,33.16839595332896,3141.079328019372,229,1725,2379,3431,4096,198.00125042513332,svd,15.71
model.layers.18.mlp.up_proj.weight,18,up_proj,12288,4096,4096,190.42137145996094,190.40725708007812,2.718655133606591,0.014277048383606546,0.4102398455142975,128.68992182111833,43.91698934531684,3063.7056185629835,228,1606,2252,3350,4096,288.24358187859184,svd,14.96
model.layers.18.post_attention_layernorm.weight,18,post_attention_layernorm,4096,1,1,29.23872192303464,29.238469666938773,0.012805384310850014,0.00043795978307661015,,,,,,,,,,,1d,0.0
model.layers.18.self_attn.k_norm.weight,18,k_norm,128,1,1,21.245316334122418,21.245318857973796,0.0007371156020576159,3.4695440183853085e-05,,,,,,,,,,,1d,0.0
model.layers.18.self_attn.k_proj.weight,18,k_proj,1024,4096,1024,52.09245430941027,52.087672498104176,0.7900408730558214,0.015166128828625546,0.11317611271508839,20.171535474694743,48.72923286492236,819.866759173305,85,488,647,883,1024,55.13682164299326,gram,0.68
model.layers.18.self_attn.o_proj.weight,18,o_proj,4096,4096,4096,105.66075134277344,105.6539077758789,1.3908514284915845,0.013163368713700684,0.16714128851890564,52.87183393595569,69.24588816596972,2231.7140386136707,123,848,1284,2254,4066,85428.34162078539,svd,6.44
model.layers.18.self_attn.q_norm.weight,18,q_norm,128,1,1,19.739549814724626,19.739550091296937,0.0005758045124546267,2.9170093434708365e-05,,,,,,,,,,,1d,0.0
model.layers.18.self_attn.q_proj.weight,18,q_proj,4096,4096,4096,103.88650512695312,103.87625885009766,1.5797611346998772,0.015206605831713522,0.2577432692050934,62.88424923167918,37.56714443759383,2381.8360912471776,137,1015,1468,2393,4058,460965.1947642974,svd,7.45
model.layers.18.self_attn.v_proj.weight,18,v_proj,1024,4096,1024,58.54443850005205,58.542903024283696,0.6940012829009858,0.01185426490853366,0.0855855393996812,18.469582053546663,65.75363435362442,852.1478195301931,111,531,688,914,1024,16.288399043620537,gram,0.63
model.layers.19.input_layernorm.weight,19,input_layernorm,4096,1,1,33.5125407367019,33.512491790218405,0.009468124721516268,0.0002825248254348793,,,,,,,,,,,1d,0.0
model.layers.19.mlp.down_proj.weight,19,down_proj,4096,12288,4096,186.78176879882812,186.7660369873047,2.7235019338826296,0.014581197894190316,0.22428584098815918,139.97285682987422,147.45233711964727,3287.274118722649,367,1929,2562,3543,4096,29.275840987961566,svd,25.21
model.layers.19.mlp.gate_proj.weight,19,gate_proj,12288,4096,4096,185.18234252929688,185.16444396972656,2.8779785904953346,0.015541322953294032,0.5239977836608887,138.12326382263564,30.16589517740662,3141.1745134421285,233,1721,2374,3427,4096,138.00332193501765,svd,15.28
model.layers.19.mlp.up_proj.weight,19,up_proj,12288,4096,4096,191.6469268798828,191.63124084472656,2.765170206400188,0.014428460979879315,0.43894651532173157,131.30544164404273,39.68446469947384,3073.565335732248,233,1618,2264,3355,4096,229.35656055111923,svd,15.18
model.layers.19.post_attention_layernorm.weight,19,post_attention_layernorm,4096,1,1,29.553771611838954,29.553497552735617,0.01223210534921096,0.00041389320828041064,,,,,,,,,,,1d,0.0
model.layers.19.self_attn.k_norm.weight,19,k_norm,128,1,1,22.245834357532917,22.245835404412507,0.0007079321722205838,3.182313420313817e-05,,,,,,,,,,,1d,0.0
model.layers.19.self_attn.k_proj.weight,19,k_proj,1024,4096,1024,50.401372177824456,50.39741213610789,0.8088104824538027,0.016047390130573592,0.11301803715365402,20.406743250602695,51.21509960063939,808.6983393946934,80,472,629,869,1024,53.47885302148683,gram,0.7
model.layers.19.self_attn.o_proj.weight,19,o_proj,4096,4096,4096,106.56065368652344,106.5526351928711,1.4412536058166197,0.013525194862790893,0.2677851617336273,55.01629788866933,28.967285281867124,2242.4141326674953,130,862,1290,2248,4048,152514.36979604972,svd,12.98
model.layers.19.self_attn.q_norm.weight,19,q_norm,128,1,1,20.70702077600741,20.707019914387576,0.0011013844258190057,5.318893711137301e-05,,,,,,,,,,,1d,0.0
model.layers.19.self_attn.q_proj.weight,19,q_proj,4096,4096,4096,104.71207427978516,104.70269775390625,1.617916952371627,0.015451102115011328,0.2673012912273407,63.436809661084226,36.6361929573797,2340.0478590846415,128,973,1420,2348,4054,104790.5533413165,svd,10.18
model.layers.19.self_attn.v_proj.weight,19,v_proj,1024,4096,1024,57.5047358321779,57.50115897461526,0.7187974184972641,0.012499795157654378,0.09570993513342801,19.337530486647083,56.402580446789884,861.4653143716076,120,546,699,917,1024,18.8228839461361,gram,0.72
model.layers.20.input_layernorm.weight,20,input_layernorm,4096,1,1,30.76897932901258,30.769241937970005,0.009468124721516268,0.0003077165680497016,,,,,,,,,,,1d,0.0
model.layers.20.mlp.down_proj.weight,20,down_proj,4096,12288,4096,188.13992309570312,188.12472534179688,2.751372024311841,0.014624073290984906,0.21750468015670776,141.62547727534547,160.01526738373138,3291.939522083366,370,1937,2568,3546,4096,27.915505895609524,svd,27.68
model.layers.20.mlp.gate_proj.weight,20,gate_proj,12288,4096,4096,183.484130859375,183.46693420410156,2.900777621220835,0.01580941963555431,0.4993266463279724,140.8693601563573,33.748881757265174,3171.0844043423567,251,1769,2418,3450,4096,124.2141663086262,svd,16.08
model.layers.20.mlp.up_proj.weight,20,up_proj,12288,4096,4096,192.03627014160156,192.0197296142578,2.794760617886277,0.014553295665581783,0.4220241606235504,134.25978519732598,43.854544051386256,3103.3137566898404,251,1663,2305,3377,4096,220.4992171558705,svd,15.87
model.layers.20.post_attention_layernorm.weight,20,post_attention_layernorm,4096,1,1,30.948633572287036,30.948182452299765,0.01088654365904832,0.00035176169033828775,,,,,,,,,,,1d,0.0
model.layers.20.self_attn.k_norm.weight,20,k_norm,128,1,1,22.04876277828463,22.048760701388527,0.001151699054026027,5.2234180466591054e-05,,,,,,,,,,,1d,0.0
model.layers.20.self_attn.k_proj.weight,20,k_proj,1024,4096,1024,50.334461608269606,50.32955074963413,0.8258984232240036,0.01640821013745179,0.11927311237212453,21.31130285606582,47.94774310022917,828.1690430169879,91,501,658,888,1024,41.50093119301222,gram,0.91
model.layers.20.self_attn.o_proj.weight,20,o_proj,4096,4096,4096,104.54391479492188,104.53532409667969,1.4429782087988687,0.013802603543491433,0.16226132214069366,57.40750715175727,79.08416335093993,2333.025165324896,154,960,1400,2342,4068,62515.130201565225,svd,6.96
model.layers.20.self_attn.q_norm.weight,20,q_norm,128,1,1,20.682558545970092,20.682556174813406,0.0011112757236348342,5.373008959045388e-05,,,,,,,,,,,1d,0.0
model.layers.20.self_attn.q_proj.weight,20,q_proj,4096,4096,4096,107.88643646240234,107.87439727783203,1.630661924692949,0.015114614757539129,0.2959458827972412,65.2422185037293,30.360104113898398,2406.83521521111,137,1037,1497,2423,4054,195594.18558552343,svd,7.5
model.layers.20.self_attn.v_proj.weight,20,v_proj,1024,4096,1024,57.69303118209951,57.690800859150585,0.7188673419565115,0.012460211003431258,0.08554228947982813,19.45496741576273,70.62130993542881,866.2580422334786,123,554,708,923,1024,14.773853611214044,gram,0.64
model.layers.21.input_layernorm.weight,21,input_layernorm,4096,1,1,34.231878094694345,34.232023366424905,0.01000678785738242,0.0002923236589503132,,,,,,,,,,,1d,0.0
model.layers.21.mlp.down_proj.weight,21,down_proj,4096,12288,4096,189.70677185058594,189.69232177734375,2.7755194531833065,0.014630576579360625,0.22542676329612732,142.2379493638873,151.59245988937926,3276.466713147549,363,1913,2543,3529,4096,29.83255988107902,svd,23.02
model.layers.21.mlp.gate_proj.weight,21,gate_proj,12288,4096,4096,181.09469604492188,181.07757568359375,2.9094808377964183,0.016066074276823016,0.4935523271560669,142.28674630192108,34.75078299569159,3189.773584083753,262,1798,2445,3465,4096,140.94819636683522,svd,15.91
model.layers.21.mlp.up_proj.weight,21,up_proj,12288,4096,4096,191.79762268066406,191.78184509277344,2.7998803418066665,0.014598097216608097,0.40889889001846313,135.48489810572937,46.88642063077405,3120.2823061253816,262,1688,2327,3389,4096,173.7822243358612,svd,15.03
model.layers.21.post_attention_layernorm.weight,21,post_attention_layernorm,4096,1,1,32.36387968001639,32.36351041360552,0.010576147189624146,0.0003267886079849146,,,,,,,,,,,1d,0.0
model.layers.21.self_attn.k_norm.weight,21,k_norm,128,1,1,21.822644062795153,21.822637398617758,0.001624559495210171,7.444375166159472e-05,,,,,,,,,,,1d,0.0
model.layers.21.self_attn.k_proj.weight,21,k_proj,1024,4096,1024,50.31065164109472,50.30723937198993,0.8234699435858016,0.016367705778494803,0.11370326084048073,21.241601298753675,52.45050388658224,827.1878430424474,91,500,656,886,1024,71.44667644988792,gram,0.61
model.layers.21.self_attn.o_proj.weight,21,o_proj,4096,4096,4096,103.23749542236328,103.23119354248047,1.4288320060182214,0.01384024283205048,0.1601119041442871,55.41894649919766,79.63703732497406,2271.6881147188647,138,894,1330,2287,4067,180461.95483169358,svd,6.12
model.layers.21.self_attn.q_norm.weight,21,q_norm,128,1,1,20.72792449642375,20.7279266543609,0.0014024811148774484,6.766143494585554e-05,,,,,,,,,,,1d,0.0
model.layers.21.self_attn.q_proj.weight,21,q_proj,4096,4096,4096,106.59580993652344,106.58636474609375,1.6263449249130975,0.015257118698019666,0.27190229296684265,65.18041923408816,35.77664218920522,2398.3110689919768,141,1033,1489,2411,4057,223011.5993668676,svd,7.32
model.layers.21.self_attn.v_proj.weight,21,v_proj,1024,4096,1024,57.00259276124985,57.00185768475585,0.7121824784078213,0.012493861136996347,0.08713928398332484,19.158350552532074,66.79663662469206,859.9351485159272,120,542,697,917,1024,15.960690810355423,gram,0.61
model.layers.22.input_layernorm.weight,22,input_layernorm,4096,1,1,46.693492407810105,46.69358324407396,0.004475171577105312,9.584144055921344e-05,,,,,,,,,,,1d,0.0
model.layers.22.mlp.down_proj.weight,22,down_proj,4096,12288,4096,191.21665954589844,191.20156860351562,2.747280121240672,0.014367368030405416,0.22734937071800232,139.05195680772886,146.02202756837409,3236.962205297785,340,1850,2485,3499,4096,30.34078755447982,svd,24.27
model.layers.22.mlp.gate_proj.weight,22,gate_proj,12288,4096,4096,185.15359497070312,185.13589477539062,2.9291547403339764,0.015820134309557646,0.5434409379959106,143.17430178215727,29.052260369623358,3190.220336741087,264,1796,2439,3459,4096,121.90759270140472,svd,14.86
model.layers.22.mlp.up_proj.weight,22,up_proj,12288,4096,4096,195.4776153564453,195.46165466308594,2.8285669859410674,0.014470030140194204,0.450291246175766,136.46315510524437,39.45898664597146,3111.0971193133,261,1672,2307,3373,4096,198.49322408669886,svd,14.89
model.layers.22.post_attention_layernorm.weight,22,post_attention_layernorm,4096,1,1,33.04653725959147,33.04628368958102,0.009777825379507336,0.00029588048220299123,,,,,,,,,,,1d,0.0
model.layers.22.self_attn.k_norm.weight,22,k_norm,128,1,1,21.803308133613772,21.803314073716518,0.0013790961592713869,6.325169331277742e-05,,,,,,,,,,,1d,0.0
model.layers.22.self_attn.k_proj.weight,22,k_proj,1024,4096,1024,48.721763508582775,48.718441382871916,0.8415874572070671,0.017273337346641743,0.11521114557172708,21.490827491705396,53.35922566915876,816.8609560506599,87,482,638,875,1024,45.391246977775275,gram,0.64
model.layers.22.self_attn.o_proj.weight,22,o_proj,4096,4096,4096,105.55152130126953,105.5438232421875,1.4623181898154765,0.013854070237809775,0.26441526412963867,55.81032868080396,30.58515738240097,2229.578850703053,135,858,1273,2220,4048,1015413.3383988569,svd,7.28
model.layers.22.self_attn.q_norm.weight,22,q_norm,128,1,1,19.454651361737806,19.454658836960675,0.0010986328125,5.647147266080882e-05,,,,,,,,,,,1d,0.0
model.layers.22.self_attn.q_proj.weight,22,q_proj,4096,4096,4096,104.95195770263672,104.94197845458984,1.685487316599446,0.016059608162574422,0.29190829396247864,65.9701283424074,33.339425210586384,2327.3265314486875,130,961,1405,2333,4052,178816.8430689346,svd,6.39
model.layers.22.self_attn.v_proj.weight,22,v_proj,1024,4096,1024,57.15546889422883,57.15234072407611,0.7611109141728587,0.013316501970814855,0.08963689842451487,20.87871164643132,72.09784064320498,877.0200594163683,135,571,720,927,1024,15.152917514604633,gram,0.61
model.layers.23.input_layernorm.weight,23,input_layernorm,4096,1,1,44.84722714650375,44.84725887380702,0.0027621358640099515,6.158989172255265e-05,,,,,,,,,,,1d,0.0
model.layers.23.mlp.down_proj.weight,23,down_proj,4096,12288,4096,193.07476806640625,193.05783081054688,2.7452691825608957,0.014218684347281837,0.24053816497325897,139.54236118029803,130.25724330214055,3249.2044212985215,348,1869,2503,3509,4096,33.00919039671344,svd,24.65
model.layers.23.mlp.gate_proj.weight,23,gate_proj,12288,4096,4096,188.89085388183594,188.8719024658203,2.9306375149971644,0.015514978384450852,0.5198814868927002,142.898981500417,31.777191021382944,3177.899025342247,260,1776,2422,3453,4096,110.36594846820421,svd,15.22
model.layers.23.mlp.up_proj.weight,23,up_proj,12288,4096,4096,196.1832275390625,196.1641082763672,2.8279590170911284,0.014414886800289961,0.4212256371974945,136.3916559421923,45.073017201922,3102.6039885257023,263,1658,2292,3367,4096,170.18756667242377,svd,15.17
model.layers.23.post_attention_layernorm.weight,23,post_attention_layernorm,4096,1,1,34.954566861104844,34.95455114248409,0.0066063667376549525,0.00018899867258849934,,,,,,,,,,,1d,0.0
model.layers.23.self_attn.k_norm.weight,23,k_norm,128,1,1,23.779467543693524,23.77946949604854,0.0013263741340393512,5.577812588116839e-05,,,,,,,,,,,1d,0.0
model.layers.23.self_attn.k_proj.weight,23,k_proj,1024,4096,1024,51.026899015194346,51.02314278272573,0.8463303531723912,0.016585964844157232,0.12041008599442032,21.957955452050754,49.403088543845136,831.3713011331772,95,505,660,890,1024,57.7112634436939,gram,0.64
model.layers.23.self_attn.o_proj.weight,23,o_proj,4096,4096,4096,109.21690368652344,109.21098327636719,1.494228213518861,0.01368129074422043,0.16997963190078735,59.537799212286586,77.27519254690317,2326.039876460283,162,955,1388,2327,4069,146519.07199937597,svd,7.64
model.layers.23.self_attn.q_norm.weight,23,q_norm,128,1,1,21.257709178443243,21.257712500410427,0.000877214499011524,4.126571173064301e-05,,,,,,,,,,,1d,0.0
model.layers.23.self_attn.q_proj.weight,23,q_proj,4096,4096,4096,110.74178314208984,110.73002624511719,1.6758998319069607,0.01513340118206913,0.2970631718635559,66.82945512748688,31.82720394523425,2373.6526714646284,143,1011,1459,2378,4054,100402.06597253736,svd,6.68
model.layers.23.self_attn.v_proj.weight,23,v_proj,1024,4096,1024,58.06199321828925,58.06125458010276,0.7491251536932131,0.012902160469703428,0.08722774886648017,20.543124547872154,73.75635237474144,876.0523717531494,136,569,718,925,1024,15.362070877945255,gram,0.88
model.layers.24.input_layernorm.weight,24,input_layernorm,4096,1,1,56.14463731085178,56.14463731085178,0.0,0.0,,,,,,,,,,,1d,0.0
model.layers.24.mlp.down_proj.weight,24,down_proj,4096,12288,4096,194.73138427734375,194.71395874023438,2.678470575749128,0.013754693860412021,0.2513197660446167,136.80915670422837,113.5848649767104,3270.1489246447572,354,1904,2539,3531,4096,33.42543488731548,svd,25.85
model.layers.24.mlp.gate_proj.weight,24,gate_proj,12288,4096,4096,191.52597045898438,191.5092010498047,2.8693190936481523,0.014981357811538186,0.5312191247940063,139.93826305656694,29.174961570970588,3180.3790312604606,261,1777,2425,3457,4096,171.6688476442951,svd,16.01
model.layers.24.mlp.up_proj.weight,24,up_proj,12288,4096,4096,196.6083984375,196.5915985107422,2.77334406205212,0.01410592876038165,0.4241630434989929,133.51214115554467,42.75056414176237,3093.215762888106,263,1641,2276,3358,4096,198.9135872780306,svd,15.32
model.layers.24.post_attention_layernorm.weight,24,post_attention_layernorm,4096,1,1,37.70432248292227,37.704272644880035,0.003547495956939864,9.408724844602541e-05,,,,,,,,,,,1d,0.0
model.layers.24.self_attn.k_norm.weight,24,k_norm,128,1,1,21.237114316840344,21.237114169469507,0.001806366906179769,8.505707881165822e-05,,,,,,,,,,,1d,0.0
model.layers.24.self_attn.k_proj.weight,24,k_proj,1024,4096,1024,50.727402775350626,50.723476826338725,0.8381132871967939,0.0165219041650607,0.13041934701944935,21.553662097648754,41.29727625127061,824.9701784547636,90,494,651,885,1024,48.92907623290431,gram,0.69
model.layers.24.self_attn.o_proj.weight,24,o_proj,4096,4096,4096,109.78311920166016,109.776611328125,1.4837147235040455,0.013514962357542444,0.26913419365882874,59.49924830068318,30.392264172814592,2370.941653496673,157,1006,1447,2368,4051,511944.8315915322,svd,6.56
model.layers.24.self_attn.q_norm.weight,24,q_norm,128,1,1,20.207738950804835,20.207739538857275,0.0015322741956339345,7.582610797596588e-05,,,,,,,,,,,1d,0.0
model.layers.24.self_attn.q_proj.weight,24,q_proj,4096,4096,4096,111.12899780273438,111.11717987060547,1.6645371148694341,0.014978422803957498,0.2935236096382141,65.73362537214234,32.15887794364557,2359.837118360432,133,988,1440,2374,4054,157237.91161413712,svd,7.24
model.layers.24.self_attn.v_proj.weight,24,v_proj,1024,4096,1024,56.65654438594286,56.65622270056801,0.7508850507397248,0.013253280073431635,0.11246145025288115,20.05382452698388,44.57994792783912,856.2852046995018,115,539,693,914,1024,39.691180144124694,gram,0.63
model.layers.25.input_layernorm.weight,25,input_layernorm,4096,1,1,54.537193940637444,54.537193940637444,0.0,0.0,,,,,,,,,,,1d,0.0
model.layers.25.mlp.down_proj.weight,25,down_proj,4096,12288,4096,195.65943908691406,195.64186096191406,2.6723100387401724,0.013657966368558839,0.23831012845039368,137.32253622543067,125.74440921827346,3290.2561023529624,363,1936,2572,3551,4096,31.734440443313613,svd,24.97
model.layers.25.mlp.gate_proj.weight,25,gate_proj,12288,4096,4096,193.35079956054688,193.3335418701172,2.8412992530629873,0.014695047858714613,0.5166888236999512,138.83805877808481,30.239584472147754,3188.993609023966,262,1792,2440,3466,4096,187.70342008112866,svd,15.34
model.layers.25.mlp.up_proj.weight,25,up_proj,12288,4096,4096,197.1737823486328,197.1549835205078,2.7485858613554974,0.013939915482757092,0.4140147566795349,133.01212417520583,44.07445741170577,3114.096032470694,268,1672,2309,3381,4096,168.83815774231712,svd,15.35
model.layers.25.post_attention_layernorm.weight,25,post_attention_layernorm,4096,1,1,39.93368552951437,39.93356639781063,0.005824710816138176,0.00014585958543278144,,,,,,,,,,,1d,0.0
model.layers.25.self_attn.k_norm.weight,25,k_norm,128,1,1,21.917142569682117,21.91714346752883,0.0010358290465216473,4.726113558044093e-05,,,,,,,,,,,1d,0.0
model.layers.25.self_attn.k_proj.weight,25,k_proj,1024,4096,1024,51.682446935876406,51.67806238069669,0.837349770641401,0.01620182132011481,0.12984199379530634,21.31811512828446,41.589477093725236,816.9252883423233,85,482,640,880,1024,47.76066044849942,gram,0.65
model.layers.25.self_attn.o_proj.weight,25,o_proj,4096,4096,4096,108.0374526977539,108.03136444091797,1.4990147374328227,0.013874954471820616,0.1822792887687683,60.31519705804408,67.62965228035307,2367.1546532116868,162,994,1439,2375,4068,116521.78444351583,svd,7.7
model.layers.25.self_attn.q_norm.weight,25,q_norm,128,1,1,20.53028493910934,20.53028628754065,0.0010910834436477512,5.3145070654583536e-05,,,,,,,,,,,1d,0.0
model.layers.25.self_attn.q_proj.weight,25,q_proj,4096,4096,4096,105.37340545654297,105.36576080322266,1.6622418243128645,0.015774775590776304,0.29152971506118774,64.38006290006638,32.51043307580444,2294.170913592502,126,931,1368,2298,4047,126232.3702983248,svd,6.54
model.layers.25.self_attn.v_proj.weight,25,v_proj,1024,4096,1024,59.31024569592812,59.30811316849307,0.7544502752335055,0.012720403808498955,0.10424541217311929,20.069170830795937,52.37781060936413,852.2452383574359,113,531,686,911,1024,19.89600733061177,gram,0.82
model.layers.26.input_layernorm.weight,26,input_layernorm,4096,1,1,69.99631049105975,69.99631049105975,0.0,0.0,,,,,,,,,,,1d,0.0
model.layers.26.mlp.down_proj.weight,26,down_proj,4096,12288,4096,197.518310546875,197.50091552734375,2.642926278989441,0.013380664666844693,0.25565508008003235,136.0102515220642,106.87133747771307,3296.5543763459473,365,1947,2583,3558,4096,33.12839173504967,svd,25.27
model.layers.26.mlp.gate_proj.weight,26,gate_proj,12288,4096,4096,194.0913543701172,194.0729217529297,2.8156927391711917,0.01450704874675597,0.5024702548980713,138.79436847381294,31.401457521905847,3217.445219131177,274,1837,2485,3494,4096,315.855480850882,svd,15.78
model.layers.26.mlp.up_proj.weight,26,up_proj,12288,4096,4096,199.00692749023438,198.98757934570312,2.7196899709751112,0.013666308028943152,0.3960857689380646,132.22611267492175,47.147679425081584,3124.207976558799,276,1687,2325,3391,4096,287.2628888540659,svd,15.43
model.layers.26.post_attention_layernorm.weight,26,post_attention_layernorm,4096,1,1,43.2496770422501,43.24964172645385,0.003285742619477398,7.597149491469078e-05,,,,,,,,,,,1d,0.0
model.layers.26.self_attn.k_norm.weight,26,k_norm,128,1,1,20.056908017336617,20.05691186752054,0.0016906975407090857,8.429502390137158e-05,,,,,,,,,,,1d,0.0
model.layers.26.self_attn.k_proj.weight,26,k_proj,1024,4096,1024,50.81258255949883,50.808874016937445,0.8412620163521607,0.01655617514356943,0.12404364457675776,21.97530079761234,45.9953073623544,837.5849373228535,99,515,670,894,1024,68.86883047163825,gram,0.68
model.layers.26.self_attn.o_proj.weight,26,o_proj,4096,4096,4096,109.36702728271484,109.36248016357422,1.577247065248969,0.014421595835934676,0.21744436025619507,65.23608784619637,52.614222838881616,2442.410907757675,182,1073,1525,2450,4067,49492.03882934013,svd,6.5
model.layers.26.self_attn.q_norm.weight,26,q_norm,128,1,1,19.538274842996323,19.538275291157422,0.0008010500945072441,4.099901864131812e-05,,,,,,,,,,,1d,0.0
model.layers.26.self_attn.q_proj.weight,26,q_proj,4096,4096,4096,106.289306640625,106.27998352050781,1.6725146597206169,0.01573549317971886,0.3149528503417969,67.02400065648916,28.199978679602943,2403.2188861729533,141,1034,1490,2416,4052,1900211.9077047333,svd,7.48
model.layers.26.self_attn.v_proj.weight,26,v_proj,1024,4096,1024,58.617594040964526,58.6174248145105,0.7509778410441086,0.012811475007303775,0.10240418173388507,20.181281504698504,53.779760244844454,860.2922791523372,119,544,698,917,1024,20.264491345255042,gram,0.63
model.layers.27.input_layernorm.weight,27,input_layernorm,4096,1,1,75.74601619303955,75.74601619303955,0.0,0.0,,,,,,,,,,,1d,0.0
model.layers.27.mlp.down_proj.weight,27,down_proj,4096,12288,4096,199.15834045410156,199.14108276367188,2.6323871400647234,0.013217559124376091,0.28022488951683044,135.97439965279773,88.24418730001467,3314.0912588211763,370,1978,2614,3576,4096,36.34419613719419,svd,24.78
model.layers.27.mlp.gate_proj.weight,27,gate_proj,12288,4096,4096,193.87306213378906,193.8548126220703,2.8023475085455627,0.014454548134240991,0.5030390024185181,138.41618208470754,31.034207636222842,3225.432786256392,276,1850,2499,3503,4096,247.80992831238234,svd,19.22
model.layers.27.mlp.up_proj.weight,27,up_proj,12288,4096,4096,200.79054260253906,200.77279663085938,2.707861579612381,0.01348600160403235,0.40033283829689026,131.9169947108021,45.752042751735225,3137.575767581959,275,1708,2350,3410,4096,219.1090954445203,svd,15.13
model.layers.27.post_attention_layernorm.weight,27,post_attention_layernorm,4096,1,1,45.71330797281129,45.71328299067323,0.002931803447773072,6.413457213634033e-05,,,,,,,,,,,1d,0.0
model.layers.27.self_attn.k_norm.weight,27,k_norm,128,1,1,19.34708664528994,19.347084816113835,0.002108575638900182,0.00010898672640272725,,,,,,,,,,,1d,0.0
model.layers.27.self_attn.k_proj.weight,27,k_proj,1024,4096,1024,49.208077234251974,49.20479262257101,0.8349830473601333,0.016968414420771447,0.13296281969418594,21.124102761447432,39.436183910777714,812.738268221487,81,476,634,876,1024,50.76319641459491,gram,0.64
model.layers.27.self_attn.o_proj.weight,27,o_proj,4096,4096,4096,107.41865539550781,107.41072082519531,1.5062557957319538,0.014022292405225272,0.2088952511548996,60.450807458059785,51.99245535250559,2366.8527630286835,158,992,1437,2376,4064,222133.89807355462,svd,7.66
model.layers.27.self_attn.q_norm.weight,27,q_norm,128,1,1,19.11520475752986,19.115203957801995,0.0010669156559090173,5.5815026281038516e-05,,,,,,,,,,,1d,0.0
model.layers.27.self_attn.q_proj.weight,27,q_proj,4096,4096,4096,105.63044738769531,105.62252807617188,1.6844422634074723,0.015946559965092734,0.3247201144695282,64.86911725116153,26.90877183575756,2296.00142868146,119,923,1366,2306,4047,498975.08041522495,svd,6.4
model.layers.27.self_attn.v_proj.weight,27,v_proj,1024,4096,1024,57.72906339176109,57.72569271107128,0.7367159626508244,0.01276161294444201,0.11577095755423476,19.41965045982836,40.49495391824009,847.3192887367674,105,524,681,911,1024,23.002842562993777,gram,0.63
model.layers.28.input_layernorm.weight,28,input_layernorm,4096,1,1,73.69208965940062,73.69208965940062,0.0,0.0,,,,,,,,,,,1d,0.0
model.layers.28.mlp.down_proj.weight,28,down_proj,4096,12288,4096,200.9563446044922,200.9412841796875,2.64797889471642,0.013176886253220658,0.3172862231731415,137.27556454204023,69.6508800923202,3331.346543609341,376,2008,2642,3590,4096,42.9224631808964,svd,33.19
model.layers.28.mlp.gate_proj.weight,28,gate_proj,12288,4096,4096,192.80540466308594,192.78720092773438,2.797651592112891,0.014510234280006716,0.4919232428073883,138.55668777530082,32.34391378422262,3231.6399767005005,281,1861,2509,3510,4096,206.31857635888124,svd,18.1
model.layers.28.mlp.up_proj.weight,28,up_proj,12288,4096,4096,202.54612731933594,202.52703857421875,2.7155086993566635,0.013406865563395128,0.41835296154022217,133.2030934446957,42.1324487724027,3166.073581363412,282,1751,2396,3440,4096,189.18023315925248,svd,15.98
model.layers.28.post_attention_layernorm.weight,28,post_attention_layernorm,4096,1,1,48.364821671766954,48.364798295956646,0.0025893120888098786,5.353709575076011e-05,,,,,,,,,,,1d,0.0
model.layers.28.self_attn.k_norm.weight,28,k_norm,128,1,1,20.562344684434795,20.56234400968365,0.0014037463962210596,6.826781759395338e-05,,,,,,,,,,,1d,0.0
model.layers.28.self_attn.k_proj.weight,28,k_proj,1024,4096,1024,50.43068732853791,50.42682462687747,0.8288797998274793,0.01643602028319795,0.12712976306548432,21.46303990311914,42.50975837542806,830.4614804467221,94,504,659,888,1024,53.892407540896286,gram,0.64
model.layers.28.self_attn.o_proj.weight,28,o_proj,4096,4096,4096,106.93604278564453,106.93116760253906,1.5030431191387053,0.014055533382243924,0.19245930016040802,59.576413473548314,60.99090464291077,2326.94399570252,153,951,1391,2337,4067,244749.84768282867,svd,6.76
model.layers.28.self_attn.q_norm.weight,28,q_norm,128,1,1,20.36476515602626,20.364764931022755,0.0005753114911673537,2.825033761791658e-05,,,,,,,,,,,1d,0.0
model.layers.28.self_attn.q_proj.weight,28,q_proj,4096,4096,4096,108.14617919921875,108.13690948486328,1.655742942718031,0.015310230606186566,0.3076725900173187,65.54110111369869,28.960643681767184,2360.2331221356853,137,993,1441,2367,4051,535640.617742632,svd,7.42
model.layers.28.self_attn.v_proj.weight,28,v_proj,1024,4096,1024,60.02596731889257,60.02540431933325,0.7709717720827892,0.01284397080994846,0.11289469787661292,20.601601830413934,46.63692025173461,854.3002726337941,117,532,687,910,1024,21.145888009510227,gram,0.63
model.layers.29.input_layernorm.weight,29,input_layernorm,4096,1,1,104.71142100770633,104.71142100770633,0.0,0.0,,,,,,,,,,,1d,0.0
model.layers.29.mlp.down_proj.weight,29,down_proj,4096,12288,4096,203.15811157226562,203.1411895751953,2.607523582698721,0.012834946941171889,0.35427629947662354,135.81543412432075,54.171678265270145,3354.862360813905,384,2048,2681,3610,4096,46.42061869055734,svd,25.84
model.layers.29.mlp.gate_proj.weight,29,gate_proj,12288,4096,4096,192.810791015625,192.79241943359375,2.736857923293562,0.014194526711276023,0.5106057524681091,136.98186305409763,28.729832832731923,3270.3182078526092,298,1922,2567,3541,4096,311.2906065761894,svd,15.02
model.layers.29.mlp.up_proj.weight,29,up_proj,12288,4096,4096,204.5724334716797,204.5518341064453,2.669081941586344,0.013047124171575294,0.43226370215415955,132.0550311905099,38.12644184118407,3197.6061010784974,294,1799,2444,3468,4096,297.8219998105485,svd,15.35
model.layers.29.post_attention_layernorm.weight,29,post_attention_layernorm,4096,1,1,52.12376290738058,52.1237550956051,0.0019694576451987572,3.778425684074796e-05,,,,,,,,,,,1d,0.0
model.layers.29.self_attn.k_norm.weight,29,k_norm,128,1,1,20.031493123069392,20.031491090892885,0.001670610943780429,8.339922209075749e-05,,,,,,,,,,,1d,0.0
model.layers.29.self_attn.k_proj.weight,29,k_proj,1024,4096,1024,49.30767743197232,49.30242293797765,0.8189117704172895,0.016608200042419155,0.14854117849897333,20.727054413081525,30.393484721110966,813.3869139474003,83,477,634,873,1024,62.075827756677405,gram,0.64
model.layers.29.self_attn.o_proj.weight,29,o_proj,4096,4096,4096,109.57775115966797,109.56810760498047,1.5596419876140022,0.014233199450693252,0.2538284957408905,63.31890929065554,37.754531449615335,2399.906925662859,167,1029,1479,2407,4059,295648.405110653,svd,7.44
model.layers.29.self_attn.q_norm.weight,29,q_norm,128,1,1,19.02116866005934,19.021170058426193,0.0012802842384889545,6.730839000325089e-05,,,,,,,,,,,1d,0.0
model.layers.29.self_attn.q_proj.weight,29,q_proj,4096,4096,4096,110.28238677978516,110.27094268798828,1.643131311473836,0.014899308579119438,0.32946857810020447,64.06899647333,24.872333944173615,2341.028193029646,122,963,1418,2360,4047,179509.8711456111,svd,6.3
model.layers.29.self_attn.v_proj.weight,29,v_proj,1024,4096,1024,57.07940056426747,57.0752481762579,0.7288726576821771,0.012769451859633739,0.12911941300757837,19.008168933567394,31.86546288299464,838.0033624657224,100,513,667,893,1024,52.669446889629725,gram,0.88
model.layers.30.input_layernorm.weight,30,input_layernorm,4096,1,1,124.10676045781312,124.10676045781312,0.0,0.0,,,,,,,,,,,1d,0.0
model.layers.30.mlp.down_proj.weight,30,down_proj,4096,12288,4096,204.80816650390625,204.79115295410156,2.614757712946237,0.012766862560123323,0.3886455297470093,136.6342450948432,45.264273261906155,3369.80262456507,394,2072,2701,3620,4096,49.75571462569315,svd,24.85
model.layers.30.mlp.gate_proj.weight,30,gate_proj,12288,4096,4096,191.8914794921875,191.874755859375,2.714948307193994,0.01414835257083165,0.5248384475708008,136.15167757705785,26.75912113711855,3278.587127130081,302,1935,2581,3550,4096,267.49778392901453,svd,15.58
model.layers.30.mlp.up_proj.weight,30,up_proj,12288,4096,4096,206.10842895507812,206.08938598632812,2.6583895566310347,0.012898014749364884,0.467841774225235,132.38078761997167,32.28785903188577,3227.505021464638,301,1847,2493,3497,4096,261.263391785325,svd,15.7
model.layers.30.post_attention_layernorm.weight,30,post_attention_layernorm,4096,1,1,55.03478905899952,55.034780481879324,0.0013906991688148655,2.5269455785938496e-05,,,,,,,,,,,1d,0.0
model.layers.30.self_attn.k_norm.weight,30,k_norm,128,1,1,21.256290891524465,21.25628930846563,0.001016350186936383,4.781408911474698e-05,,,,,,,,,,,1d,0.0
model.layers.30.self_attn.k_proj.weight,30,k_proj,1024,4096,1024,51.1134556800114,51.11043959094804,0.8277953940093684,0.016195253930621496,0.16487755334118656,20.719617310179444,25.2071033922007,809.9943300548393,75,473,634,877,1024,77.72467666014334,gram,0.67
model.layers.30.self_attn.o_proj.weight,30,o_proj,4096,4096,4096,109.15421295166016,109.14570617675781,1.5683621278505728,0.014368315115286669,0.26419463753700256,63.09208489949083,35.240713807325555,2375.930681738033,161,1005,1446,2377,4058,94614.21262127243,svd,6.51
model.layers.30.self_attn.q_norm.weight,30,q_norm,128,1,1,21.133492794122187,21.133492794122187,0.0,0.0,,,,,,,,,,,1d,0.0
model.layers.30.self_attn.q_proj.weight,30,q_proj,4096,4096,4096,104.01478576660156,104.00640106201172,1.6333196921321413,0.01570276456461802,0.33263686299324036,63.362505634943204,24.1102461216395,2328.5061817120313,118,955,1406,2343,4045,246233.99854055743,svd,7.58
model.layers.30.self_attn.v_proj.weight,30,v_proj,1024,4096,1024,60.85969153583656,60.855703688765146,0.7665650498183494,0.012595611815859326,0.14905072372876774,20.206631158241947,26.450254231963914,850.1690438142876,105,530,687,913,1024,44.581554061364486,gram,0.62
model.layers.31.input_layernorm.weight,31,input_layernorm,4096,1,1,145.32186656010407,145.32186656010407,0.0,0.0,,,,,,,,,,,1d,0.0
model.layers.31.mlp.down_proj.weight,31,down_proj,4096,12288,4096,207.03713989257812,207.0189971923828,2.6287133703847547,0.01269682034705782,0.4163776934146881,136.53300317097455,39.85763797261587,3352.8392081269644,382,2043,2675,3606,4096,56.63716172005987,svd,24.61
model.layers.31.mlp.gate_proj.weight,31,gate_proj,12288,4096,4096,190.2869873046875,190.268310546875,2.684172907514006,0.014105919409066551,0.5272483229637146,134.9895533886738,25.91734816825815,3295.2234196678855,304,1965,2609,3566,4096,185.09822805428948,svd,15.19
model.layers.31.mlp.up_proj.weight,31,up_proj,12288,4096,4096,207.66180419921875,207.6428680419922,2.648140993726041,0.01275218138423547,0.4960963726043701,132.34938631369732,28.49378254316572,3252.2393174628655,303,1889,2534,3521,4096,187.02314812457902,svd,15.13
model.layers.31.post_attention_layernorm.weight,31,post_attention_layernorm,4096,1,1,57.69238446064685,57.69238030116741,0.0010574524922233883,1.832915214216323e-05,,,,,,,,,,,1d,0.0
model.layers.31.self_attn.k_norm.weight,31,k_norm,128,1,1,20.84014705312235,20.840144683242233,0.001255122358561938,6.022617572527304e-05,,,,,,,,,,,1d,0.0
model.layers.31.self_attn.k_proj.weight,31,k_proj,1024,4096,1024,49.443833740853876,49.44084336725242,0.7836657512953402,0.01584961545261014,0.13807626112453442,20.069258817074385,32.21244552579297,824.4420075346036,87,496,653,885,1024,58.338201353730504,gram,0.64
model.layers.31.self_attn.o_proj.weight,31,o_proj,4096,4096,4096,111.68497467041016,111.67559051513672,1.5535190714999845,0.013909830539734727,0.2855764925479889,63.52695436073691,29.592950503967835,2426.2014454824275,171,1050,1502,2435,4057,90359.71378391748,svd,7.67
model.layers.31.self_attn.q_norm.weight,31,q_norm,128,1,1,19.435513700051658,19.43551329744219,0.0008437560418818304,4.341310730981834e-05,,,,,,,,,,,1d,0.0
model.layers.31.self_attn.q_proj.weight,31,q_proj,4096,4096,4096,104.68540954589844,104.6776123046875,1.5746405418390779,0.015041642848506745,0.3461180329322815,61.5599849653197,20.697333810757474,2346.436406117169,126,971,1423,2358,4041,177496.8347958547,svd,6.39
model.layers.31.self_attn.v_proj.weight,31,v_proj,1024,4096,1024,62.23155783252016,62.227606571031394,0.7525022989641805,0.012091972709237491,0.15966665574259234,20.000770349692154,22.211976442222216,859.2681825342426,110,546,703,921,1024,38.197939962382186,gram,0.64
model.layers.32.input_layernorm.weight,32,input_layernorm,4096,1,1,179.54343800420858,179.54343800420858,0.0,0.0,,,,,,,,,,,1d,0.0
model.layers.32.mlp.down_proj.weight,32,down_proj,4096,12288,4096,207.0878143310547,207.072265625,2.6325099522104534,0.012712046629658557,0.4741211235523224,134.57356833992526,30.829141679877374,3309.282580436693,349,1970,2610,3573,4096,66.64626762063823,svd,25.0
model.layers.32.mlp.gate_proj.weight,32,gate_proj,12288,4096,4096,188.1270751953125,188.11033630371094,2.687545014648041,0.014285795980497928,0.5634796023368835,134.23202270455658,22.74862205461733,3286.2040805557126,288,1952,2600,3563,4096,212.31973189454752,svd,15.54
model.layers.32.mlp.up_proj.weight,32,up_proj,12288,4096,4096,208.19381713867188,208.17431640625,2.6465260084930913,0.012711837675420995,0.542969286441803,131.32418684638105,23.757558352843024,3245.7432234615057,287,1878,2528,3521,4096,222.1739302087184,svd,15.87
model.layers.32.post_attention_layernorm.weight,32,post_attention_layernorm,4096,1,1,60.711697595418876,60.71169759582656,0.0002475369343982117,4.077252723977299e-06,,,,,,,,,,,1d,0.0
model.layers.32.self_attn.k_norm.weight,32,k_norm,128,1,1,20.298263247932,20.29826355281712,0.0011752239693585025,5.789775977401305e-05,,,,,,,,,,,1d,0.0
model.layers.32.self_attn.k_proj.weight,32,k_proj,1024,4096,1024,49.72555557276129,49.72257020161269,0.8190503237708123,0.01647141624335025,0.1757922375051566,19.865406360876555,21.708098564745345,789.2318148426928,60,442,604,860,1024,85.76237163487481,gram,0.92
model.layers.32.self_attn.o_proj.weight,32,o_proj,4096,4096,4096,110.92753601074219,110.9205551147461,1.5542044752343855,0.01401098889534392,0.30277636647224426,60.60146705636856,26.349499152669107,2312.1035327055993,137,941,1374,2306,4047,405375.80087391945,svd,6.87
model.layers.32.self_attn.q_norm.weight,32,q_norm,128,1,1,19.842506889112357,19.842506899743302,9.1552734375e-05,4.613970144328419e-06,,,,,,,,,,,1d,0.0
model.layers.32.self_attn.q_proj.weight,32,q_proj,4096,4096,4096,104.1181411743164,104.10726928710938,1.6284175168098178,0.015640094016694722,0.34427788853645325,62.32900299980241,22.372435738339057,2302.8410287014085,108,928,1381,2319,4041,901945.7170854852,svd,7.65
model.layers.32.self_attn.v_proj.weight,32,v_proj,1024,4096,1024,61.541480436446044,61.538303786106205,0.765748310446488,0.012442799637185599,0.17572690468081326,19.517505759941784,18.988714986593465,829.2733163503439,84,501,659,894,1024,38.39118677134016,gram,0.63
model.layers.33.input_layernorm.weight,33,input_layernorm,4096,1,1,254.07173081036123,254.07173081036123,0.0,0.0,,,,,,,,,,,1d,0.0
model.layers.33.mlp.down_proj.weight,33,down_proj,4096,12288,4096,205.21304321289062,205.19366455078125,2.6381327282528497,0.012855580166588165,0.6279698610305786,130.42835598252714,17.648820347483408,3234.9177460119517,286,1844,2498,3518,4096,83.02126519739694,svd,24.79
model.layers.33.mlp.gate_proj.weight,33,gate_proj,12288,4096,4096,186.15525817871094,186.13845825195312,2.743142244217461,0.01473577631411304,0.6320841312408447,135.29220340459142,18.834187168698612,3265.8042994008324,263,1916,2571,3548,4096,351.3954174723904,svd,15.43
model.layers.33.mlp.up_proj.weight,33,up_proj,12288,4096,4096,208.3863067626953,208.36566162109375,2.6839510353818756,0.012879690019355608,0.6239277720451355,131.29069294163492,18.504635829349663,3219.4307065462826,262,1831,2487,3501,4096,407.6117317673089,svd,15.31
model.layers.33.post_attention_layernorm.weight,33,post_attention_layernorm,4096,1,1,63.978540315660375,63.97852635167529,0.0019931893599407975,3.1154029931078036e-05,,,,,,,,,,,1d,0.0
model.layers.33.self_attn.k_norm.weight,33,k_norm,128,1,1,19.277829741835774,19.277837606311767,0.001920214177695943,9.960738337307189e-05,,,,,,,,,,,1d,0.0
model.layers.33.self_attn.k_proj.weight,33,k_proj,1024,4096,1024,45.77715905119289,45.772771587761845,0.7847125845476136,0.01714201144876744,0.1453885617248712,19.835060570524526,29.13135961947326,814.3042256358957,80,480,638,877,1024,53.16028123712428,gram,0.65
model.layers.33.self_attn.o_proj.weight,33,o_proj,4096,4096,4096,115.24443054199219,115.2341079711914,1.5427384270583058,0.01338666363140349,0.36752545833587646,59.923801876189145,17.620155577551248,2319.634225561631,132,937,1379,2324,4039,128770.57504876913,svd,7.01
model.layers.33.self_attn.q_norm.weight,33,q_norm,128,1,1,18.280885753823444,18.28088226529266,0.00245841187995632,0.00013447991049569407,,,,,,,,,,,1d,0.0
model.layers.33.self_attn.q_proj.weight,33,q_proj,4096,4096,4096,102.38249206542969,102.37215423583984,1.6184243480090832,0.01580762799732184,0.34366339445114136,62.70102821482783,22.17778944954373,2345.9852553096052,112,967,1427,2368,4044,134589.07794781003,svd,6.74
model.layers.33.self_attn.v_proj.weight,33,v_proj,1024,4096,1024,64.68753868585023,64.68233925125587,0.7417616210303323,0.01146683945779149,0.19801348051290835,18.939011788013797,14.032634162573052,837.6926539418479,82,517,678,906,1024,67.92556232310939,gram,0.63
model.layers.34.input_layernorm.weight,34,input_layernorm,4096,1,1,259.1238940040992,259.1238940040992,0.0,0.0,,,,,,,,,,,1d,0.0
model.layers.34.mlp.down_proj.weight,34,down_proj,4096,12288,4096,195.88009643554688,195.859619140625,2.5376863947727806,0.012955305010316746,0.7463658452033997,119.3790724221617,11.560387404885454,3121.4652871306025,216,1653,2318,3418,4096,113.72739853707658,svd,25.33
model.layers.34.mlp.gate_proj.weight,34,gate_proj,12288,4096,4096,187.7725830078125,187.75392150878906,2.7396665081136304,0.014590343617947829,0.7727338671684265,131.55643434496596,12.570006654054593,3220.504569725946,221,1828,2493,3510,4096,444.8213938868712,svd,15.64
model.layers.34.mlp.up_proj.weight,34,up_proj,12288,4096,4096,205.50718688964844,205.4878692626953,2.6359575740414134,0.01282659557525273,0.7479681968688965,125.87437155272346,12.419684608031197,3177.9789853182174,229,1749,2411,3463,4096,575.5943686157717,svd,15.43
model.layers.34.post_attention_layernorm.weight,34,post_attention_layernorm,4096,1,1,74.58534769376395,74.58534770487191,0.0014218618836631407,1.906355507654224e-05,,,,,,,,,,,1d,0.0
model.layers.34.self_attn.k_norm.weight,34,k_norm,128,1,1,20.665559993430247,20.665559155470792,0.0007918070179518268,3.8315294538522574e-05,,,,,,,,,,,1d,0.0
model.layers.34.self_attn.k_proj.weight,34,k_proj,1024,4096,1024,48.13914602080211,48.13480674341104,0.7937263734279625,0.016488168965127826,0.1770132876293969,19.45751884647261,20.10619478399467,797.2420780347022,64,456,619,867,1024,70.78333120493576,gram,0.92
model.layers.34.self_attn.o_proj.weight,34,o_proj,4096,4096,4096,111.0127182006836,111.00480651855469,1.5046670513756628,0.013554006025287866,0.5275326371192932,54.460861766219864,8.135460768036655,2213.80715435497,92,813,1237,2187,3997,1402248.307442463,svd,7.01
model.layers.34.self_attn.q_norm.weight,34,q_norm,128,1,1,19.843951463263323,19.843944683607717,0.001220703125,6.151512350046814e-05,,,,,,,,,,,1d,0.0
model.layers.34.self_attn.q_proj.weight,34,q_proj,4096,4096,4096,100.99185943603516,100.98102569580078,1.6213592278312923,0.016054355637032218,0.422882616519928,60.72705788950353,14.70005059315442,2297.7822019921814,88,909,1367,2314,4026,1410905.1156662016,svd,7.59
model.layers.34.self_attn.v_proj.weight,34,v_proj,1024,4096,1024,64.29146892048327,64.28895124552076,0.7636054479942951,0.011877243759023812,0.2722870433844638,18.55084404907153,7.864734824622699,817.5197513465442,56,481,650,897,1024,72.92622527400182,gram,0.65
model.layers.35.input_layernorm.weight,35,input_layernorm,4096,1,1,229.7344284010854,229.7344284010854,0.0,0.0,,,,,,,,,,,1d,0.01
model.layers.35.mlp.down_proj.weight,35,down_proj,4096,12288,4096,176.77200317382812,176.74656677246094,2.3565875864295687,0.013331226348734721,0.635901927947998,103.5986199658364,13.7336788610702,2916.8048603752204,155,1355,2003,3215,4096,120.80160971034803,svd,23.59
model.layers.35.mlp.gate_proj.weight,35,gate_proj,12288,4096,4096,192.93898010253906,192.92892456054688,2.6487755162010407,0.013728565968335237,0.8406393527984619,125.45235036499798,9.928208138306303,3197.7674670409015,206,1778,2447,3485,4096,239.25384513845043,svd,15.55
model.layers.35.mlp.up_proj.weight,35,up_proj,12288,4096,4096,201.56796264648438,201.55465698242188,2.4974024589895953,0.012389877965724138,0.7965731024742126,116.16815429599956,9.829372521065839,3115.10461498452,199,1638,2306,3405,4096,253.2934518351188,svd,15.07
model.layers.35.post_attention_layernorm.weight,35,post_attention_layernorm,4096,1,1,102.4576083470974,102.4576083479388,0.0006170272827148438,6.022269040523802e-06,,,,,,,,,,,1d,0.0
model.layers.35.self_attn.k_norm.weight,35,k_norm,128,1,1,22.822784226813365,22.82278248214312,0.0008550369705884949,3.7464183251748776e-05,,,,,,,,,,,1d,0.0
model.layers.35.self_attn.k_proj.weight,35,k_proj,1024,4096,1024,49.965994136881136,49.96119729952451,0.7857788054267985,0.015726271817471552,0.2190341975430049,17.888075735968524,12.86994731540815,754.9094228499171,37,390,563,842,1024,101.23759486266616,gram,0.64
model.layers.35.self_attn.o_proj.weight,35,o_proj,4096,4096,4096,104.78020477294922,104.77339172363281,1.4125779359884225,0.013481343532868242,0.5842505693435669,46.34828085783056,5.845565730473085,2047.3078141370397,54,631,1022,1994,3955,401354.4634039671,svd,6.95
model.layers.35.self_attn.q_norm.weight,35,q_norm,128,1,1,17.896559511431,17.896559511431,0.0,0.0,,,,,,,,,,,1d,0.0
model.layers.35.self_attn.q_proj.weight,35,q_proj,4096,4096,4096,100.52532196044922,100.51696014404297,1.6176365810356412,0.01609183188363296,0.5259847044944763,54.67119011202061,9.458356703498424,2122.450255311018,49,699,1137,2127,3999,872397.9678396131,svd,6.93
model.layers.35.self_attn.v_proj.weight,35,v_proj,1024,4096,1024,60.28933223896055,60.2863295514953,0.8322126642898071,0.013803647069621972,0.46629415845704697,18.004918332029582,3.18528789537803,779.4379958886118,23,391,565,849,1024,156.7185784737999,gram,0.65
